Ant_ID,colony,colony_act,tag_id,body_size,age(days),nb_foraging_events,group_period1,group_period2,period1to2,group_period3,period2to3,group_period4,period3to4,visits_to_brood,visits_to_nest_entrance,visits_to_rubbishpile,nb_interaction_nurses,nb_interaction_cleaners,nb_interaction_foragers,nb_interaction_queen
Ant462,4,1,462,127.566,0,57,F,F,same,NA,NA,NA,NA,0.363636,25.3636,0,7.2727273,56.818182,496.54545,0.09091
Ant380,4,1,380,140.118,40,0,N,N,same,N,same,N,same,202.091,0,0.454545,104,60.818182,23.454545,2
Ant311,4,1,311,142.524,40,17,C,F,switch,NA,NA,NA,NA,56.0909,2.27273,2.36364,88,217.09091,325.72727,3.091
Ant507,4,1,507,144.475,40,0,F,F,same,F,same,NA,NA,8.90909,3,0.272727,19.090909,130,699.27273,0.09091
Ant158,4,1,158,149.402,40,0,C,F,switch,F,same,NA,NA,128,0.545455,1.27273,53,131.90909,178.09091,0.4545
Ant159,4,1,159,153.264,40,0,N,N,same,N,same,NA,NA,159.455,0,0.181818,145.36364,85.727273,22.818182,11.18
Ant196,4,1,196,159.028,40,104,F,NA,NA,NA,NA,NA,NA,11.0909,32,0.818182,25.636364,100.09091,580.72727,0.2727
Ant27,4,1,27,160.353,40,0,C,F,switch,F,same,NA,NA,22,0.454545,194.909,108.36364,227.72727,167.18182,3.273
Ant169,4,1,169,161.83,40,0,N,N,same,N,same,NA,NA,129.727,0.181818,1.72727,193.36364,92,29.181818,21.45
Ant437,4,1,437,167.335,40,0,N,C,switch,NA,NA,NA,NA,73.4545,0.272727,3.18182,186.09091,132,47.090909,11
Ant156,4,1,156,173.046,40,0,N,N,same,N,same,N,same,372.182,0.181818,1.90909,230.09091,88.636364,26.454545,21.55
Ant400,4,1,400,140.918,57,0,C,C,same,F,switch,F,same,179,0.0909091,1.09091,146.81818,138,105.27273,3.182
Ant620,4,1,620,141.45,57,0,N,C,switch,NA,NA,NA,NA,137.909,0.909091,4.63636,161.63636,169.36364,68.363636,8.636
Ant14,4,1,14,145.344,57,17,F,NA,NA,NA,NA,NA,NA,3,27.6364,1.18182,4.9090909,58.272727,483.45455,0
Ant13,4,1,13,147.411,57,0,C,C,same,NA,NA,NA,NA,60.6364,0,0,153.63636,177.90909,99.363636,1.091
Ant538,4,1,538,150.376,57,0,N,N,same,N,same,N,same,1121,0.0909091,3.63636,231.63636,83.363636,18.272727,31.18
Ant255,4,1,255,151.42,57,9,F,F,same,F,same,F,same,0.363636,10.9091,0,9.6363636,81.363636,607.18182,0
Ant593,4,1,593,152.895,57,0,N,C,switch,C,same,F,switch,87.8182,0,1.81818,132.09091,137.63636,51.454545,3.182
Ant198,4,1,198,165.061,57,3,F,NA,NA,NA,NA,NA,NA,69.6364,3.36364,16.0909,26.090909,110.36364,400.18182,0
Ant52,4,1,52,170.848,57,0,N,N,same,N,same,NA,NA,324.545,0,0.818182,238.54545,142.09091,32.818182,17.45
Ant232,4,1,232,179.324,57,0,F,F,same,NA,NA,NA,NA,38.2727,0.0909091,0.545455,21.818182,142.72727,440.45455,0
Ant190,4,1,190,179.694,57,0,N,C,switch,N,switch,C,switch,409.455,0,0.181818,162.09091,134.90909,55.818182,11.27
Ant387,4,1,387,197.205,57,0,C,F,switch,C,switch,F,switch,21.3636,3.81818,2.18182,89,197.90909,179.90909,1.455
Ant115,4,1,115,124.338,71,0,C,F,switch,F,same,F,same,30.9091,0.818182,50.2727,37.636364,143.72727,88.181818,0.09091
Ant195,4,1,195,138.004,71,0,F,NA,NA,NA,NA,NA,NA,14.5455,1.63636,2.36364,1.3636364,6.9090909,347.45455,0.09091
Ant191,4,1,191,138.398,71,0,N,N,same,N,same,N,same,1215.64,1.90909,3.54545,316.63636,220.45455,98.090909,19.55
Ant308,4,1,308,142.144,71,1,F,F,same,F,same,NA,NA,80.2727,3.18182,40.3636,35.272727,131.36364,290.81818,0.2727
Ant109,4,1,109,152.086,71,0,C,F,switch,F,same,F,same,123,1.36364,6.54545,92.909091,123.72727,92.909091,0.5455
Ant9,4,1,9,152.712,71,1,F,NA,NA,NA,NA,NA,NA,4.81818,8,0.454545,1,12.272727,468.27273,0.09091
Ant142,4,1,142,160.028,71,143,F,F,same,NA,NA,NA,NA,9.27273,9.18182,0,10.272727,65.363636,870,0
Ant268,4,1,268,163.67,71,0,C,N,switch,C,switch,C,same,61.6364,0,1.90909,100,98.636364,74.272727,4.545
Ant32,4,1,32,126.732,85,50,F,F,same,F,same,F,same,0.636364,110.091,0,7.4545455,61.090909,630.09091,0
Ant100,4,1,100,135.93,85,162,F,F,same,F,same,NA,NA,2,24.9091,0.454545,12.272727,108.27273,1017.4545,0
Ant127,4,1,127,143.757,85,0,N,C,switch,C,same,F,switch,208.273,0.0909091,0.818182,129.81818,95.363636,41.818182,4.364
Ant98,4,1,98,153.183,85,13,F,F,same,F,same,NA,NA,7.45455,6.27273,0.545455,18,85.818182,463.18182,0.4545
Ant44,4,1,44,163.306,141,26,F,F,same,F,same,F,same,17.5455,27.3636,0.909091,32,135.72727,475.36364,0.3636
Ant6,4,1,6,173.254,176,95,F,F,same,NA,NA,NA,NA,0.272727,4,0.363636,3.1818182,41,642.09091,0
Ant209,4,1,209,183.175,176,0,F,F,same,F,same,NA,NA,3,3.09091,0,34.363636,163.27273,398.63636,0.1818
Ant252,4,1,252,183.175,176,2,F,NA,NA,NA,NA,NA,NA,3.63636,9.18182,0,5.8181818,63.727273,876.90909,0
Ant353,4,1,353,146.154,190,11,F,NA,NA,NA,NA,NA,NA,29.0909,0.818182,0.363636,28.727273,112.63636,460.81818,0
Ant117,4,1,117,160.462,190,0,C,C,same,C,same,F,switch,88.4545,0.272727,3.45455,128.09091,198.18182,179,6.727
Ant153,4,1,153,215.928,190,0,C,C,same,C,same,F,switch,50.0909,0,0.181818,82.545455,155.09091,122.90909,1.636
Ant26,4,1,26,219.208,190,0,F,F,same,F,same,F,same,46.0909,0,0,25.454545,95.090909,392.81818,0.2727
Ant527,4,1,527,140.089,197,0,F,NA,NA,NA,NA,NA,NA,3.54545,10.3636,0.545455,8.8181818,69.363636,439.36364,0
Ant257,4,1,257,158.092,197,0,F,F,same,F,same,NA,NA,0.181818,2.72727,0,39.090909,133.54545,334,0.2727
Ant347,4,1,347,165.801,197,0,F,F,same,F,same,F,same,33.3636,4,0.818182,37.454545,126.90909,288.18182,0.1818
Ant148,4,1,148,164.11,232,49,F,F,same,F,same,NA,NA,0.545455,14.6364,0,3.1818182,30.181818,516.09091,0
Ant395,4,1,395,133.959,246,0,C,C,same,NA,NA,NA,NA,112.273,0.272727,2.72727,133.45455,106.72727,46.545455,7
Ant564,4,1,564,136.077,246,0,C,C,same,F,switch,F,same,107,0.181818,93.2727,115.27273,196,165,1.182
Ant552,4,1,552,147.98,246,0,N,N,same,N,same,NA,NA,348.455,0.454545,20.8182,197.18182,151.54545,61.636364,6.091
Ant63,4,1,63,151.4,246,0,N,N,same,N,same,F,switch,250.182,0,0.0909091,165.90909,109.72727,28.545455,5
Ant501,4,1,501,158.619,246,0,C,C,same,C,same,F,switch,22.4545,0,0,118.81818,209,158.27273,2.091
Ant50,4,1,50,161.45,246,0,N,N,same,NA,NA,NA,NA,333.727,0.181818,1.54545,251.90909,107.45455,30.636364,16.45
Ant186,4,1,186,164.012,246,0,C,C,same,NA,NA,NA,NA,48.9091,0,2,94.909091,156.90909,234.54545,2.455
Ant4,4,1,4,197.063,246,0,C,F,switch,C,switch,F,switch,31.4545,8.81818,3.18182,75.545455,167.90909,184.27273,1.727
Ant356,4,1,356,214.704,246,15,F,F,same,F,same,F,same,0.636364,166,0.272727,9.0909091,65.363636,681.27273,0
Ant560,4,1,560,212.934,316,0,F,F,same,F,same,F,same,6.36364,63.9091,0.545455,30.727273,121.63636,626.90909,0.7273
Ant64,4,1,64,227.343,316,0,F,F,same,F,same,F,same,1.27273,4.81818,0.727273,65.909091,157.72727,435.18182,0.2727
Ant73,4,1,73,123.081,330,1,F,F,same,F,same,NA,NA,4.18182,6.09091,0,6.2727273,44.636364,449.36364,0
Ant124,4,1,124,131.469,330,9,C,NA,NA,NA,NA,NA,NA,129.455,3.27273,4.63636,88.272727,195.18182,313.54545,4.182
Ant43,4,1,43,136.62,330,26,F,F,same,F,same,NA,NA,6.09091,14.7273,0,4.8181818,57.090909,511.72727,0
Ant202,4,1,202,137.801,330,0,F,C,switch,C,same,F,switch,11.1818,0,14.6364,54.727273,203.45455,302.63636,0.4545
Ant342,4,1,342,138.192,330,0,C,C,same,NA,NA,NA,NA,2.81818,0.727273,0.909091,41.818182,98.454545,172.63636,0.2727
Ant238,4,1,238,140.004,330,18,F,F,same,F,same,NA,NA,0.545455,12.2727,0,6,61.545455,496.36364,0
Ant137,4,1,137,140.801,330,0,N,C,switch,N,switch,NA,NA,449.364,0.0909091,4.72727,176.81818,128.36364,39.363636,9.727
Ant263,4,1,263,141.485,330,4,F,NA,NA,NA,NA,NA,NA,14.3636,0.636364,0,10.363636,85,333.18182,0
Ant242,4,1,242,149.482,330,0,N,N,same,N,same,C,switch,229,0,1.18182,231.18182,101.45455,21.272727,13
Ant42,4,1,42,149.753,330,0,C,C,same,C,same,F,switch,137.364,0,2.81818,129.45455,191.27273,100.36364,4.273
Ant139,4,1,139,150.546,330,0,N,N,same,N,same,N,same,447.455,0.0909091,2.45455,159.36364,75.090909,18.636364,13.91
Ant394,4,1,394,151.182,330,0,N,C,switch,C,same,F,switch,115.818,0.363636,0.818182,124,102.54545,44.818182,3.727
Ant0,4,1,0,153.496,330,0,N,N,same,N,same,N,same,287.636,0.181818,2,167.09091,65.272727,12.545455,6.636
Ant97,4,1,97,153.522,330,0,F,F,same,C,switch,F,switch,14.2727,0.636364,1.81818,58.909091,227.36364,322.63636,0.8182
Ant215,4,1,215,153.629,330,0,C,C,same,C,same,C,same,89.0909,0,0,95.545455,113.90909,91.090909,1.182
Ant289,4,1,289,154.651,330,0,F,F,same,F,same,NA,NA,11.8182,1.81818,3.72727,17.363636,97.818182,358,0.09091
Ant173,4,1,173,161.505,330,0,N,N,same,N,same,N,same,290.273,0,0.727273,214.81818,101.36364,27.818182,14.09
Ant55,4,1,55,161.645,330,0,C,C,same,F,switch,F,same,31.2727,0.363636,5.72727,80.454545,183.81818,125.63636,1.455
Ant140,4,1,140,163.049,330,0,C,NA,NA,NA,NA,NA,NA,108,0.181818,0.636364,92.454545,118,162.18182,1.727
Ant390,4,1,390,163.444,330,0,N,N,same,N,same,N,same,161.091,0.363636,3.36364,151.45455,64.454545,14.818182,11.73
Ant29,4,1,29,165.421,330,0,N,C,switch,C,same,C,same,144.091,0.0909091,4.36364,201.09091,190.63636,85.363636,2.455
Ant38,4,1,38,165.858,330,50,F,F,same,F,same,F,same,4.18182,12.2727,0.727273,28.272727,102.09091,619.18182,1.545
Ant492,4,1,492,168.253,330,32,F,F,same,F,same,NA,NA,3.45455,5.09091,5.09091,16.363636,86.454545,527.09091,0
Ant30,4,1,30,168.609,330,45,F,F,same,F,same,C,switch,0.909091,3.63636,0.181818,10.545455,87.181818,731.36364,0
Ant458,4,1,458,173.666,330,0,C,C,same,NA,NA,NA,NA,77.5455,0,0,100.72727,140.72727,158.18182,1.091
Ant178,4,1,178,178.18,330,0,N,N,same,N,same,N,same,61.8182,0,3.63636,189.72727,134.81818,41.636364,11.36
Ant482,4,1,482,178.404,330,0,C,N,switch,N,same,N,same,81.0909,0.0909091,0.818182,132.72727,142.72727,88.181818,4
Ant294,4,1,294,199.06,330,146,F,F,same,F,same,F,same,0,34.5455,0.363636,0.81818182,6.5454545,471.54545,0
Ant475,4,1,475,220.656,330,0,F,F,same,NA,NA,NA,NA,1.27273,3.18182,0.636364,29.909091,113.63636,441.27273,0.09091
Ant149,4,1,149,184.978,337,52,F,F,same,NA,NA,NA,NA,0.818182,8.54545,0,3.9090909,29.363636,765.45455,0
Ant207,4,1,207,201.911,337,0,C,C,same,N,switch,C,switch,58.5455,0.0909091,3,128.45455,238.45455,195.90909,5.545
Ant298,4,1,298,137,344,0,C,F,switch,F,same,NA,NA,251,0.181818,9.90909,125.54545,171.27273,108.63636,1.909
Ant131,4,1,131,139.058,344,24,F,NA,NA,NA,NA,NA,NA,1.36364,118.091,0.363636,8.3636364,66.818182,476.81818,0.09091
Ant332,4,1,332,145.602,344,25,F,F,same,NA,NA,NA,NA,0.363636,7.18182,0,1.2727273,9.9090909,301.18182,0
Ant23,4,1,23,157.623,344,28,F,F,same,F,same,F,same,2.09091,7.36364,1.63636,26,99.909091,394.72727,0.5455
Ant518,4,1,518,162.693,344,12,F,F,same,F,same,F,same,14.2727,19.1818,5.90909,22,106.63636,330.63636,0.09091
Ant217,4,1,217,164.305,344,43,F,F,same,NA,NA,NA,NA,0.363636,10.4545,0,5.3636364,54.636364,492.27273,0
Ant19,4,1,19,172.012,344,0,F,F,same,F,same,F,same,6.36364,0.727273,1.45455,52.727273,144.63636,212.90909,0.5455
Ant243,4,1,243,187.963,344,0,C,C,same,C,same,F,switch,95.6364,0,8.54545,135.63636,182.54545,76.181818,6.455
Ant530,4,1,530,131.795,351,21,F,F,same,NA,NA,NA,NA,0.363636,79.2727,0,8.4545455,67.181818,521.27273,0.09091
Ant113,4,1,113,142.077,351,0,C,F,switch,NA,NA,NA,NA,27.2727,0.272727,11.7273,45.727273,153.72727,476.81818,0.7273
Ant176,4,1,176,142.443,351,36,F,F,same,F,same,F,same,2.18182,4.09091,0,4.2727273,41,355.54545,0
Ant91,4,1,91,143.265,351,98,F,NA,NA,NA,NA,NA,NA,1.18182,261.545,0,6.5454545,46,645,0
Ant324,4,1,324,148.003,351,9,F,F,same,F,same,NA,NA,0.272727,3.18182,0,5,64.727273,420.81818,0
Ant76,4,1,76,149.967,351,25,F,F,same,F,same,F,same,15.5455,28,5.09091,13.545455,74.454545,396.90909,0
Ant60,4,1,60,172.177,351,0,C,F,switch,F,same,F,same,42.2727,1.36364,3.45455,53.727273,132.90909,197.81818,0.3636
Ant218,4,1,218,172.699,351,0,N,C,switch,C,same,C,same,75.1818,0,1.18182,164.81818,129.27273,34.454545,6.636
Ant540,4,1,540,148.93,372,0,C,C,same,N,switch,N,same,85.9091,0,0.0909091,97.272727,126.81818,86.545455,1.091
Ant7,4,1,7,155.955,372,0,C,C,same,C,same,NA,NA,146.727,0.272727,0.0909091,105.09091,91.181818,43.272727,2.273
Ant260,4,1,260,236.053,400,0,F,F,same,F,same,NA,NA,3.81818,32.6364,1.63636,28.818182,137.72727,927.27273,0.3636
Ant318,4,1,318,202.082,463,60,F,NA,NA,NA,NA,NA,NA,0,4.27273,0,0.63636364,10.454545,810.81818,0
Ant219,4,1,219,286.895,1453,0,Q,Q,same,Q,same,Q,same,76.8182,0,0.0909091,303.63636,77.090909,10.090909,0
Ant260,18,2,260,152.735,0,0,N,N,same,NA,NA,NA,NA,150.455,0.818182,19.3636,814.18182,193.09091,49.090909,14
Ant97,18,2,97,137.441,14,0,N,N,same,NA,NA,NA,NA,209.909,0,2.36364,458.18182,76.454545,18.181818,3
Ant52,18,2,52,148.122,14,0,N,N,same,N,same,N,same,978.545,0,13.8182,445.09091,31,5.2727273,16.91
Ant32,18,2,32,169.118,14,0,N,N,same,N,same,NA,NA,167.909,0.181818,2.27273,562.81818,101,23.727273,5.455
Ant142,18,2,142,169.567,14,0,N,NA,NA,NA,NA,NA,NA,544.909,5.72727,17.7273,337,71,22.545455,6.545
Ant105,18,2,105,170.558,14,0,N,N,same,N,same,NA,NA,89,1.09091,12.7273,854.81818,93.545455,17.272727,82.27
Ant509,18,2,509,199.279,14,0,N,N,same,NA,NA,NA,NA,25.8182,0.181818,0.272727,933.72727,196.09091,44.272727,31.36
Ant0,18,2,0,238.346,14,0,N,N,same,NA,NA,NA,NA,3.36364,0,1.72727,1230.1818,203.36364,42.181818,76.64
Ant294,18,2,294,112.004,40,46,C,F,switch,F,same,NA,NA,4.09091,29.8182,0,26.636364,184.90909,167.45455,0
Ant96,18,2,96,133.454,40,0,N,N,same,N,same,C,switch,62.7273,4.09091,3.27273,412.90909,132.27273,82.727273,1.455
Ant647,18,2,647,135.96,40,0,N,C,switch,C,same,NA,NA,1386.45,0,0.636364,242.63636,31.272727,7.1818182,5.273
Ant342,18,2,342,141.209,40,0,N,N,same,C,switch,NA,NA,254.455,1.54545,3.81818,383,126.36364,50.909091,1.091
Ant610,18,2,610,141.792,40,0,N,C,switch,NA,NA,NA,NA,243.545,0.454545,0,230.27273,52.636364,19.636364,0
Ant26,18,2,26,148.189,40,0,N,N,same,NA,NA,NA,NA,76.8182,0.545455,0,318.81818,58.909091,19.272727,1
Ant98,18,2,98,149.272,40,0,N,N,same,N,same,N,same,119.091,0,8.81818,616,84.363636,35.363636,10.27
Ant278,18,2,278,149.807,40,0,C,NA,NA,NA,NA,NA,NA,3.72727,0,36.9091,178.81818,118.72727,55.272727,0.5455
Ant62,18,2,62,150,40,0,N,N,same,N,same,NA,NA,519.455,1,1.90909,459.09091,40.909091,7,6.545
Ant137,18,2,137,152.555,40,0,N,N,same,N,same,N,same,79.2727,0,4.27273,551.90909,91.545455,19.909091,14.18
Ant476,18,2,476,154.738,40,0,N,N,same,N,same,N,same,130.455,0,11.1818,598.90909,63.636364,11.636364,12.18
Ant15,18,2,15,154.945,40,0,N,N,same,N,same,N,same,95.2727,0,1.54545,610.90909,88.272727,21.454545,9.727
Ant299,18,2,299,157.051,40,0,N,NA,NA,NA,NA,NA,NA,101.455,1,1,438.90909,83.909091,41.272727,4.636
Ant552,18,2,552,166.111,40,0,N,N,same,N,same,N,same,178.182,0.727273,4.63636,807.72727,104.90909,21,71.45
Ant252,18,2,252,168.716,40,0,N,NA,NA,NA,NA,NA,NA,50.9091,0,1.90909,456.09091,158.18182,46.818182,1.545
Ant265,18,2,265,171.4,40,0,C,C,same,C,same,NA,NA,12.9091,1.90909,0,143.18182,167.45455,100.72727,0
Ant301,18,2,301,173,40,0,N,N,same,NA,NA,NA,NA,158.727,0.636364,2.90909,769.63636,77.181818,13.727273,22.55
Ant356,18,2,356,183.199,40,0,N,N,same,N,same,N,same,51,0.363636,0.909091,601.09091,67.272727,18.818182,26.45
Ant232,18,2,232,225.942,40,0,C,C,same,C,same,C,same,11.7273,0.909091,0,443.81818,323.81818,241.63636,2.091
Ant38,18,2,38,246.658,40,0,N,N,same,NA,NA,NA,NA,1.36364,0,0.181818,597.81818,235.27273,71.727273,8.273
Ant324,18,2,324,129.634,50,0,N,N,same,C,switch,C,same,474.727,0.363636,0.545455,324.45455,108.18182,56.818182,2.545
Ant296,18,2,296,139.463,50,0,N,N,same,N,same,C,switch,11.0909,0,0.454545,360.63636,133.36364,61.363636,0.9091
Ant112,18,2,112,139.517,50,0,N,C,switch,F,switch,NA,NA,160.273,0.181818,0.454545,361.90909,165.27273,67.636364,0.7273
Ant5,18,2,5,160.863,50,0,N,N,same,NA,NA,NA,NA,124.636,0.363636,61.6364,690.54545,106.09091,23.727273,10.36
Ant635,18,2,635,161.375,50,0,N,NA,NA,NA,NA,NA,NA,48.4545,6.18182,3.18182,472,90.545455,41.545455,4.818
Ant148,18,2,148,162.163,50,0,N,N,same,N,same,N,same,26,0.545455,0.636364,496.81818,84,19.818182,16.73
Ant50,18,2,50,163.049,50,0,N,N,same,N,same,N,same,133.818,0,2.18182,457.90909,41.545455,8.0909091,4
Ant114,18,2,114,144.81,57,0,N,N,same,C,switch,NA,NA,560.182,0.0909091,88.8182,400.36364,74.727273,15.818182,3.455
Ant527,18,2,527,146.537,57,0,C,NA,NA,NA,NA,NA,NA,3.27273,0.818182,0.545455,197.63636,175.90909,145.09091,0.8182
Ant174,18,2,174,175.354,57,0,N,N,same,N,same,N,same,156.909,0,3.18182,624.36364,140.63636,53.909091,14.09
Ant100,18,2,100,128.845,64,64,F,NA,NA,NA,NA,NA,NA,1.81818,21.0909,0,121.27273,369,390.18182,0.09091
Ant68,18,2,68,139.14,64,18,F,NA,NA,NA,NA,NA,NA,0.727273,7.72727,0.818182,113.90909,250.63636,295.81818,0
Ant305,18,2,305,141.739,64,0,C,C,same,C,same,NA,NA,35.2727,1.81818,0.727273,211.72727,180.90909,118.54545,0.5455
Ant191,18,2,191,150.987,64,0,C,NA,NA,NA,NA,NA,NA,119.091,44.8182,17.6364,857.09091,439,232.27273,10.36
Ant264,18,2,264,152.502,64,27,C,F,switch,NA,NA,NA,NA,58.5455,11.9091,2.90909,280.09091,223.45455,152.45455,1
Ant332,18,2,332,153.805,64,0,N,N,same,N,same,N,same,101.545,0.181818,4.72727,545.27273,52.363636,14,10
Ant556,18,2,556,154.616,64,0,N,N,same,N,same,N,same,65.2727,0.363636,2,436.63636,58.454545,17.909091,7.727
Ant206,18,2,206,155.878,64,0,N,N,same,N,same,N,same,456.182,0.0909091,51.7273,708.72727,65.818182,14.909091,8.364
Ant219,18,2,219,163.049,64,0,N,N,same,N,same,NA,NA,131,0.0909091,1.09091,443.90909,92.909091,24.363636,11.82
Ant311,18,2,311,164.906,64,0,N,C,switch,NA,NA,NA,NA,53.0909,17.9091,33.3636,664.54545,303.90909,115.45455,6.273
Ant298,18,2,298,166.235,64,0,N,N,same,N,same,N,same,77.9091,1.72727,29.7273,712.09091,124.09091,27,8.636
Ant6,18,2,6,167.529,64,0,N,N,same,C,switch,C,same,75.2727,3.54545,3.27273,499.81818,148.72727,62,12.36
Ant170,18,2,170,169.859,64,0,N,N,same,NA,NA,NA,NA,24.6364,0,1.72727,846.90909,134.54545,29.363636,46.73
Ant44,18,2,44,178.135,64,0,N,N,same,N,same,NA,NA,116.091,2.90909,7.63636,951.18182,197.90909,50.181818,11.91
Ant99,18,2,99,202.8,64,0,N,N,same,N,same,N,same,95.6364,1.63636,2.18182,512,125.36364,44.454545,5.545
Ant140,18,2,140,221.822,64,0,C,C,same,C,same,C,same,0.272727,2.18182,0,305,301.36364,197.90909,0.7273
Ant91,18,2,91,133.094,71,1,C,NA,NA,NA,NA,NA,NA,74.9091,2.45455,0.272727,131.72727,166.18182,151.09091,0.09091
Ant76,18,2,76,142.338,71,0,N,NA,NA,NA,NA,NA,NA,69.3636,5.18182,12.2727,498.81818,127.18182,33.454545,7.091
Ant30,18,2,30,146.154,71,0,N,N,same,C,switch,NA,NA,30.6364,0.181818,3.63636,540.18182,132.27273,48.272727,5.909
Ant176,18,2,176,151.238,71,25,F,F,same,F,same,F,same,0.636364,22.7273,0,99.090909,202.36364,220.81818,0.2727
Ant60,18,2,60,177.282,71,0,N,N,same,N,same,N,same,18.3636,0.727273,1.81818,625.54545,82.454545,18.454545,36.64
Ant169,18,2,169,190.924,71,0,N,N,same,N,same,N,same,5.45455,2.72727,2.45455,444.54545,199.90909,69.818182,4.455
Ant398,18,2,398,120.702,78,11,F,F,same,F,same,NA,NA,1.54545,218.727,0,122.27273,279.36364,301.90909,0.1818
Ant40,18,2,40,145.836,78,33,C,F,switch,NA,NA,NA,NA,34.2727,40.1818,3.90909,287.72727,216.63636,173.27273,1.364
Ant433,18,2,433,156.16,78,0,N,NA,NA,NA,NA,NA,NA,88.7273,4.36364,30.0909,445,108.63636,48,3.091
Ant161,18,2,161,158.382,78,0,N,N,same,N,same,NA,NA,9.27273,1,0,354.54545,92,38.181818,5.818
Ant227,18,2,227,162.788,78,0,C,C,same,C,same,C,same,17.9091,70.3636,0.545455,387.54545,219.72727,125.63636,1.545
Ant210,18,2,210,163.233,78,0,N,N,same,C,switch,C,same,210.182,0.272727,85.1818,758.27273,192.63636,50,8.636
Ant394,18,2,394,177.882,78,0,N,NA,NA,NA,NA,NA,NA,0.363636,1,0,508,263.63636,153.18182,2.182
Ant102,18,2,102,179.045,78,0,N,N,same,N,same,N,same,52,0,5.09091,580.90909,71.181818,18.545455,7.818
Ant400,18,2,400,181.571,78,0,N,N,same,N,same,N,same,38.8182,1.09091,7.45455,591.45455,169.36364,65.818182,8.091
Ant599,18,2,599,190.961,78,0,C,N,switch,N,same,N,same,0.909091,0,1,387.81818,224,138.27273,1.364
Ant502,18,2,502,128.95,85,71,C,C,same,C,same,C,same,13.6364,127.636,3.36364,181.72727,164.54545,120.54545,0.5455
Ant458,18,2,458,145.221,85,43,F,NA,NA,NA,NA,NA,NA,5.36364,123.364,0.636364,195.63636,262.18182,255.81818,0.5455
Ant207,18,2,207,161.199,85,0,N,NA,NA,NA,NA,NA,NA,58.4545,0.363636,23.0909,508.90909,185.72727,59.454545,3.182
Ant518,18,2,518,167.693,85,0,C,C,same,C,same,NA,NA,16.7273,2.63636,1.36364,248.72727,212.90909,139.63636,0.4545
Ant507,18,2,507,145.279,92,12,F,F,same,NA,NA,NA,NA,1.27273,11.4545,0.363636,120.54545,258,365.72727,0.1818
Ant80,18,2,80,175.071,92,0,N,NA,NA,NA,NA,NA,NA,1.36364,0,0.454545,482.18182,131.09091,37.090909,10.55
Ant144,18,2,144,149.857,99,0,N,N,same,C,switch,NA,NA,73.5455,0.818182,14.5455,576.54545,115.27273,29,11.64
Ant220,18,2,220,150.921,99,48,F,NA,NA,NA,NA,NA,NA,1.45455,126.455,0.0909091,140.36364,249.81818,287.09091,0.09091
Ant257,18,2,257,157.003,99,0,N,N,same,N,same,NA,NA,11.6364,1.81818,2.45455,343.54545,89.272727,30.727273,3.182
Ant209,18,2,209,183.469,99,0,N,N,same,N,same,N,same,429.636,0.454545,4.09091,721.18182,79.545455,17.090909,14.64
Ant329,18,2,329,154.302,113,36,F,NA,NA,NA,NA,NA,NA,1.18182,51.6364,0,277.72727,406.27273,321.63636,0.3636
Ant72,18,2,72,156.013,120,69,F,F,same,F,same,NA,NA,1.45455,103.545,0,100.27273,307.36364,414.90909,0.3636
Ant244,18,2,244,174.751,120,0,N,N,same,N,same,C,switch,14.4545,2.27273,0.909091,470.54545,141.63636,52.363636,4
Ant147,18,2,147,177.519,120,0,N,N,same,N,same,C,switch,5.63636,0,2.63636,557.63636,187.54545,98.727273,8.273
Ant318,18,2,318,178.869,120,0,N,NA,NA,NA,NA,NA,NA,41,0.727273,0.181818,534.27273,120.72727,50.818182,3.727
Ant43,18,2,43,153.574,127,107,F,F,same,NA,NA,NA,NA,1.36364,209,0.454545,100.18182,266.45455,350.45455,0.09091
Ant63,18,2,63,176.706,134,0,N,N,same,N,same,C,switch,30.7273,0,14.3636,470.81818,63.545455,12.181818,14.09
Ant289,18,2,289,169.186,139,0,C,F,switch,F,same,C,switch,1.81818,8.72727,1,285.72727,333.81818,202.90909,1.727
Ant2,18,2,2,184.708,139,0,N,C,switch,C,same,F,switch,30.6364,4.27273,5.63636,594,154.63636,42.090909,9.818
Ant437,18,2,437,185.151,139,0,N,C,switch,C,same,C,same,4.09091,3.54545,8.90909,391.27273,163.63636,60.727273,5
Ant607,18,2,607,205.879,139,15,F,F,same,F,same,NA,NA,3.18182,124.273,0.818182,154.81818,306.09091,335.45455,0.3636
Ant395,18,2,395,207.183,139,0,N,C,switch,C,same,NA,NA,5.81818,3.81818,1.27273,339.27273,143.27273,64.818182,0.9091
Ant55,18,2,55,153.209,148,41,C,F,switch,F,same,NA,NA,23.4545,28.2727,3.18182,369.63636,307.81818,244.90909,1
Ant19,18,2,19,175.362,148,0,C,N,switch,N,same,C,switch,13.6364,48.0909,4.63636,259.45455,194.63636,150.09091,0
Ant212,18,2,212,124.234,155,5,F,F,same,NA,NA,NA,NA,3.63636,59,0,66,163.72727,218,0
Ant313,18,2,313,169.446,155,0,N,N,same,NA,NA,NA,NA,4.45455,0.545455,1.27273,411.09091,187.36364,77.181818,6.273
Ant268,18,2,268,176.505,162,46,F,F,same,F,same,F,same,0.272727,14.4545,0,78.545455,264.81818,306.27273,0
Ant14,18,2,14,143.003,176,59,F,F,same,NA,NA,NA,NA,2.36364,30.7273,0.181818,155.18182,311.36364,339.81818,0.5455
Ant540,18,2,540,180.413,176,1,C,F,switch,NA,NA,NA,NA,75.6364,43.9091,8.81818,714.90909,537.36364,289.81818,17.91
Ant195,18,2,195,223.081,176,0,C,C,same,C,same,C,same,3.27273,136,0.272727,291.27273,375.09091,267.81818,0.6364
Ant126,18,2,126,170.602,183,1,F,C,switch,C,same,C,same,2.72727,39.2727,1.18182,241.54545,361.72727,335.27273,0.09091
Ant215,18,2,215,177.229,183,17,F,F,same,F,same,NA,NA,0,174.636,0,28.090909,186.36364,251.81818,0
Ant593,18,2,593,200.37,183,0,N,N,same,N,same,N,same,4.45455,1.45455,0.272727,525.81818,286.54545,93.272727,4.455
Ant564,18,2,564,214.283,183,11,F,F,same,C,switch,C,same,1,26.1818,0.181818,130.27273,322.54545,351.18182,0.1818
Ant580,18,2,580,177.91,190,0,C,C,same,NA,NA,NA,NA,12.2727,19.1818,5.36364,330.72727,261.27273,123.54545,2.909
Ant560,18,2,560,178.6,190,0,N,N,same,N,same,N,same,26.3636,3.72727,9.81818,514.45455,121,39.272727,11.91
Ant256,18,2,256,184.978,190,9,F,F,same,C,switch,C,same,0.363636,14,0,209.63636,347.45455,310.36364,0.09091
Ant7,18,2,7,195.533,190,0,C,C,same,C,same,NA,NA,3.18182,0.272727,1.81818,234.27273,218.27273,112.36364,1.182
Ant158,18,2,158,197.396,190,9,C,C,same,NA,NA,NA,NA,12.8182,37.8182,0,297.54545,278.81818,182.27273,1.636
Ant638,18,2,638,198.252,190,0,C,F,switch,F,same,F,same,0,0,0,124.36364,178.81818,114.81818,0.3636
Ant65,18,2,65,198.295,190,0,C,C,same,C,same,C,same,1.09091,1.72727,0.181818,104.36364,172.90909,85.909091,0.1818
Ant172,18,2,172,209.201,190,2,F,C,switch,F,switch,C,switch,0.636364,32.3636,0.272727,180.72727,219.63636,295.36364,0.09091
Ant621,18,2,621,255.633,190,0,C,C,same,C,same,N,switch,1.36364,0.818182,0.454545,538.81818,346.09091,153.63636,11.36
Ant492,18,2,492,196.987,197,0,N,N,same,N,same,N,same,1.54545,0.0909091,0.909091,541.63636,95.818182,19.545455,28.73
Ant262,18,2,262,178.362,204,0,C,C,same,C,same,C,same,10.3636,0.272727,1.27273,137.81818,131.81818,64.090909,0.9091
Ant575,18,2,575,183.576,204,0,C,C,same,C,same,NA,NA,1.81818,0.909091,2.09091,224.27273,193.81818,65.909091,0.5455
Ant604,18,2,604,219.276,204,0,C,C,same,C,same,C,same,0.181818,84.9091,0,127.45455,342.18182,302.72727,0.09091
Ant243,18,2,243,132.015,211,61,F,F,same,F,same,NA,NA,4.36364,90,0.181818,58.454545,176.27273,220.18182,0.2727
Ant237,18,2,237,150.841,211,0,N,N,same,N,same,N,same,124.455,2.36364,1.45455,436.09091,103.72727,34.363636,3.636
Ant35,18,2,35,183.535,211,0,C,C,same,C,same,C,same,11.4545,35.7273,0.0909091,162,206.54545,138.63636,0.1818
Ant178,18,2,178,224.617,211,34,C,F,switch,C,switch,C,same,0.545455,314.818,0,46.636364,333.63636,388.81818,0
Ant202,18,2,202,202.299,232,20,F,F,same,F,same,F,same,0,291.909,0,15.272727,146.18182,176,0
Ant632,18,2,632,141.45,253,270,C,F,switch,C,switch,NA,NA,7.36364,105.818,2.72727,25.727273,243.63636,217.18182,0.09091
Ant109,18,2,109,169.664,253,0,C,NA,NA,NA,NA,NA,NA,0.363636,80.0909,0,209.27273,251.45455,256,0.4545
Ant20,18,2,20,174.542,253,74,F,F,same,C,switch,NA,NA,1.45455,109.636,0,178.27273,323.09091,341.90909,0.3636
Ant12,18,2,12,203.337,253,17,C,F,switch,F,same,NA,NA,0,0,0,13.727273,325.81818,209.72727,0.1818
Ant217,18,2,217,144.028,267,160,C,F,switch,F,same,NA,NA,0,6.18182,0,13.272727,176.27273,149.72727,0
Ant592,18,2,592,308.006,1453,0,Q,Q,same,Q,same,Q,same,0.909091,0,1.54545,920.36364,62.818182,4.1818182,0
Ant207,21,3,207,131.37,5,36,F,F,same,NA,NA,NA,NA,5.72727,32,0,25.909091,94.636364,548.36364,0
Ant311,21,3,311,135.506,5,36,F,NA,NA,NA,NA,NA,NA,1.27273,80,0,23.181818,33.090909,249.36364,0.2727
Ant112,21,3,112,136.499,5,0,C,F,switch,F,same,F,same,208.818,1.09091,1,153.27273,220.63636,221.27273,1.727
Ant0,21,3,0,142.678,5,128,F,F,same,F,same,F,same,17,45.9091,0,14,37.272727,394.27273,0.09091
Ant15,21,3,15,142.864,5,0,C,N,switch,C,switch,NA,NA,191.273,0.818182,0.727273,242.45455,139.09091,87.090909,2.636
Ant170,21,3,170,143.405,5,0,C,NA,NA,NA,NA,NA,NA,2.72727,1.09091,0,74.727273,241.63636,264.27273,0.5455
Ant243,21,3,243,144.845,5,0,C,C,same,F,switch,F,same,147.091,0.727273,3.45455,192.45455,225.72727,113.18182,2.727
Ant68,21,3,68,146.031,5,0,N,N,same,NA,NA,NA,NA,571,0.272727,1.09091,462.72727,100.90909,42.181818,8.727
Ant196,21,3,196,150.987,5,45,F,F,same,F,same,F,same,8.45455,70.0909,1,68.727273,199.54545,722.18182,0.09091
Ant102,21,3,102,158.114,5,29,F,F,same,F,same,C,switch,0.363636,61.2727,0.0909091,15.090909,42.545455,273,0
Ant509,21,3,509,161.075,5,73,F,F,same,F,same,NA,NA,1.27273,17,0,19.363636,51.272727,523,0.1818
Ant85,21,3,85,162.29,5,1,F,NA,NA,NA,NA,NA,NA,35.6364,7.27273,41.9091,110.09091,179,249.27273,5.818
Ant356,21,3,356,163.218,5,0,N,NA,NA,NA,NA,NA,NA,405.273,0,0.0909091,353.18182,166,96.454545,1.909
Ant298,21,3,298,164.551,5,0,C,N,switch,NA,NA,NA,NA,10.9091,0,0.454545,253,197.90909,160.72727,4.727
Ant599,21,3,599,166.508,5,0,N,N,same,N,same,NA,NA,321.909,3.27273,1.45455,610.18182,118.18182,51.636364,7.909
Ant492,21,3,492,167.431,5,0,N,N,same,NA,NA,NA,NA,470.909,0.363636,1.36364,584.63636,177.72727,63.545455,11.73
Ant52,21,3,52,172.54,5,0,C,C,same,C,same,F,switch,57.4545,3.63636,0,209.72727,245.36364,315.90909,2.909
Ant250,21,3,250,172.939,5,0,C,C,same,C,same,C,same,29.2727,1,0.181818,165.90909,200.09091,172.18182,3.909
Ant560,21,3,560,176.139,5,0,C,F,switch,F,same,F,same,6,5.81818,0,74.909091,230.36364,330.81818,0.2727
Ant74,21,3,74,184.678,5,0,N,N,same,N,same,N,same,395.091,0,0.454545,585.36364,149.63636,60,9.909
Ant458,21,3,458,189.644,5,0,F,F,same,F,same,NA,NA,19.7273,21,0.272727,67.363636,134.45455,537.81818,0.6364
Ant26,21,3,26,237.548,5,0,F,F,same,F,same,F,same,4.27273,12.2727,0.181818,66.636364,142.81818,499.45455,0.5455
Ant209,21,3,209,120.507,14,4,F,NA,NA,NA,NA,NA,NA,57.0909,6.36364,0.818182,48.272727,99.727273,144.09091,0.09091
Ant28,21,3,28,123.713,14,0,C,NA,NA,NA,NA,NA,NA,14.9091,0,1.45455,155.27273,278.63636,159.63636,1.273
Ant576,21,3,576,126.384,14,0,N,N,same,N,same,N,same,953,5.63636,4.90909,595.81818,94.636364,38.909091,10.45
Ant264,21,3,264,133.36,14,0,N,N,same,N,same,N,same,427.091,0.636364,1.09091,500.81818,73.727273,21.545455,7.636
Ant60,21,3,60,134.082,14,0,N,N,same,N,same,C,switch,419.727,0.545455,22.6364,754.54545,195.45455,63.090909,13
Ant27,21,3,27,140.431,14,0,C,F,switch,F,same,F,same,337.364,2.18182,0.545455,137.54545,135.90909,95.909091,0.09091
Ant580,21,3,580,142.004,14,0,N,N,same,N,same,N,same,1175.09,0.0909091,0.909091,484.18182,51.090909,21.181818,7.545
Ant592,21,3,592,146.373,14,0,C,C,same,NA,NA,NA,NA,455.636,1.36364,0.727273,223.45455,191.36364,133.27273,0.4545
Ant220,21,3,220,149.402,14,0,C,N,switch,N,same,N,same,104.455,1.45455,0.272727,207.36364,184,173.18182,0.9091
Ant501,21,3,501,170.135,14,0,N,N,same,N,same,NA,NA,284.364,2,2.81818,487.45455,142.45455,58,14.09
Ant217,21,3,217,174.244,14,0,N,NA,NA,NA,NA,NA,NA,341.091,2.54545,1.45455,407.72727,119,37,11.82
Ant7,21,3,7,202.556,14,13,F,F,same,F,same,NA,NA,1.72727,11.7273,0.0909091,27.636364,49.545455,785.09091,0
Ant4,21,3,4,116.284,40,9,F,F,same,F,same,F,same,10.4545,7.81818,0,54.818182,167.09091,222.54545,0.1818
Ant19,21,3,19,124.326,40,2,F,F,same,F,same,NA,NA,19.0909,3.54545,0.636364,81.636364,178.45455,300.18182,0
Ant251,21,3,251,128.004,40,52,F,F,same,F,same,F,same,5.54545,17.4545,0.636364,37.363636,106.18182,365.54545,0
Ant2,21,3,2,130.311,40,0,C,C,same,NA,NA,NA,NA,121.909,2.45455,25,312.90909,291.18182,142.36364,12.09
Ant81,21,3,81,131.244,40,0,F,F,same,F,same,F,same,57.2727,2.18182,6.54545,79.818182,182.09091,261.81818,0.2727
Ant556,21,3,556,133.6,40,0,N,N,same,F,switch,F,same,430.273,1.63636,2.90909,507.45455,118,45.454545,15.45
Ant131,21,3,131,136,40,0,N,N,same,NA,NA,NA,NA,300.273,7.72727,1.81818,470.18182,116.45455,43.454545,9.909
Ant44,21,3,44,137.317,40,0,F,F,same,NA,NA,NA,NA,2.72727,3.09091,0,54.090909,135,254.36364,0.09091
Ant212,21,3,212,137.441,40,0,N,NA,NA,NA,NA,NA,NA,428.727,4.45455,2,561.18182,201.72727,101.54545,9.818
Ant245,21,3,245,138.438,40,0,C,C,same,C,same,C,same,186,14.0909,14.4545,12.909091,18.363636,15,0.1818
Ant210,21,3,210,138.654,40,0,C,F,switch,F,same,NA,NA,35.8182,3.45455,4.27273,104.36364,213,181.45455,0.4545
Ant50,21,3,50,138.798,40,0,C,F,switch,F,same,NA,NA,4.72727,0.545455,0.0909091,65.909091,132.09091,188.27273,0
Ant72,21,3,72,144.506,40,0,N,N,same,N,same,N,same,289.545,0,37.0909,344.81818,148.45455,54,20.09
Ant9,21,3,9,145.362,40,0,N,N,same,C,switch,F,switch,161.455,0,0.727273,363.63636,202.72727,94.090909,3.455
Ant398,21,3,398,146.328,40,0,N,N,same,N,same,N,same,170.455,0.272727,2.63636,504.81818,100.45455,29.636364,10
Ant673,21,3,673,147.167,40,0,C,F,switch,F,same,F,same,113.545,1.27273,0.272727,219.09091,202.09091,106.81818,2.091
Ant17,21,3,17,150.376,40,0,N,N,same,N,same,N,same,693.364,3.54545,3.18182,870.18182,230.09091,96.272727,17.09
Ant53,21,3,53,151.212,40,0,N,N,same,N,same,N,same,464.364,0.454545,1,745,123,43.636364,26.27
Ant610,21,3,610,151.327,40,0,N,N,same,N,same,N,same,406.364,2.72727,1.45455,596.36364,87.636364,30.545455,24.82
Ant175,21,3,175,151.397,40,0,N,N,same,N,same,F,switch,497,0.818182,0.272727,421.63636,165.72727,74.090909,1.636
Ant244,21,3,244,151.427,40,0,N,N,same,N,same,N,same,301.909,0.909091,2.18182,414.45455,108.54545,42.818182,13.82
Ant206,21,3,206,152.086,40,0,N,N,same,N,same,N,same,32,0.0909091,2.81818,635,164.36364,53.636364,21.09
Ant97,21,3,97,152.971,40,0,N,N,same,N,same,N,same,750.455,1.36364,1.54545,1070.4545,165.90909,64.545455,19.82
Ant614,21,3,614,153.222,40,0,N,N,same,N,same,N,same,648.727,1.36364,1.18182,533.27273,138.90909,55.181818,4.909
Ant66,21,3,66,155.467,40,0,C,NA,NA,NA,NA,NA,NA,157.727,0.272727,4,147.18182,185.45455,104.45455,3.818
Ant289,21,3,289,158.446,40,0,N,N,same,N,same,N,same,81.8182,3,2.18182,408.27273,95.090909,30.727273,22.45
Ant219,21,3,219,159.289,40,0,N,N,same,N,same,N,same,121.818,1.54545,2.45455,620.81818,148.81818,61.818182,23.45
Ant173,21,3,173,162.975,40,0,C,NA,NA,NA,NA,NA,NA,118.273,2.45455,5.54545,234.09091,229.63636,184.45455,3.273
Ant13,21,3,13,167.057,40,0,N,N,same,N,same,N,same,102.727,0.181818,3.72727,372.81818,148.54545,65,8.545
Ant191,21,3,191,167.296,40,0,N,N,same,N,same,N,same,415.727,0,3.45455,570.72727,161,65.090909,19.18
Ant115,21,3,115,168.181,40,0,N,N,same,N,same,N,same,598.364,1.81818,6.90909,563.54545,210.18182,104.63636,25.73
Ant482,21,3,482,168.324,40,0,C,C,same,C,same,F,switch,67.1818,0,1.81818,170.27273,193.18182,148.63636,0.4545
Ant126,21,3,126,174.04,40,0,C,C,same,F,switch,F,same,2.90909,0,3,98.545455,137.27273,82.090909,2.273
Ant540,21,3,540,175.96,40,0,N,N,same,N,same,N,same,399.545,0.454545,0.0909091,555.45455,139.72727,67.363636,13.45
Ant347,21,3,347,177.133,40,0,N,N,same,N,same,N,same,255.455,1.45455,0.363636,483.27273,94.181818,52.454545,20.36
Ant462,21,3,462,192.315,40,0,C,NA,NA,NA,NA,NA,NA,56.5455,0,0.0909091,329.36364,298.90909,225.27273,2.909
Ant158,21,3,158,201.693,40,0,N,N,same,N,same,N,same,215.364,0.454545,0.545455,473.72727,235.45455,147.45455,11.73
Ant324,21,3,324,220.719,40,0,C,N,switch,N,same,N,same,82,0.636364,1,330,271.90909,195,5.636
Ant38,21,3,38,125.495,50,12,F,F,same,NA,NA,NA,NA,2.27273,20.0909,0,28.363636,97.090909,389.63636,0.3636
Ant149,21,3,149,133.222,50,0,F,F,same,NA,NA,NA,NA,6.72727,1.27273,0.545455,48.545455,166.63636,315.72727,0
Ant221,21,3,221,138.08,50,0,F,F,same,NA,NA,NA,NA,24.7273,2,0.636364,53.909091,124,237.18182,0.3636
Ant76,21,3,76,139.27,50,183,F,F,same,F,same,NA,NA,2.81818,51.3636,1.36364,22.272727,64.545455,503.36364,0.3636
Ant65,21,3,65,139.442,50,43,F,F,same,F,same,NA,NA,2.36364,100.545,0.0909091,33.181818,116.81818,716.90909,0
Ant186,21,3,186,142.127,50,0,C,F,switch,F,same,F,same,48,1,5.90909,152.27273,208.63636,182.54545,3.909
Ant111,21,3,111,155.271,50,0,C,C,same,C,same,F,switch,14.3636,0,0.363636,110.72727,114.45455,87.545455,1.364
Ant242,21,3,242,161.245,50,0,N,N,same,N,same,N,same,350.364,0,0.272727,587.72727,86.363636,29.727273,8.455
Ant159,21,3,159,196.848,50,1,N,N,same,N,same,C,switch,21.7273,0.636364,1.72727,413.54545,136.18182,48.363636,52.09
Ant137,21,3,137,207.039,50,0,N,N,same,N,same,N,same,344.636,1.81818,2.54545,560.27273,121.09091,66.818182,31
Ant30,21,3,30,224.722,50,0,N,N,same,N,same,N,same,103,0.181818,0.181818,349.81818,190.81818,90.727273,6.455
Ant238,21,3,238,126.657,57,78,F,F,same,F,same,NA,NA,3.90909,38.1818,0.818182,34.181818,99.818182,414.18182,0
Ant391,21,3,391,133.154,57,27,F,F,same,NA,NA,NA,NA,43.8182,11.7273,0,44.454545,148.36364,479.36364,0.09091
Ant35,21,3,35,136.62,57,0,N,N,same,N,same,N,same,449.182,1.63636,3,380.27273,58.909091,34.909091,6.636
Ant538,21,3,538,136.704,57,5,F,F,same,NA,NA,NA,NA,7.45455,3,0.545455,96.636364,242.45455,492.09091,0.6364
Ant176,21,3,176,140.602,57,3,F,F,same,NA,NA,NA,NA,75.5455,2.81818,0,41.363636,108.63636,387.09091,0
Ant534,21,3,534,145.726,57,0,C,C,same,NA,NA,NA,NA,6.63636,0.181818,0.181818,95.181818,191.09091,251,0.8182
Ant32,21,3,32,147.98,57,0,F,F,same,NA,NA,NA,NA,8.90909,0.181818,0,57.363636,146.27273,184.36364,0.09091
Ant218,21,3,218,150.36,57,51,F,F,same,NA,NA,NA,NA,10.4545,111.182,0.545455,52.909091,130.72727,443.18182,0.3636
Ant71,21,3,71,166.859,57,0,N,N,same,N,same,N,same,423.727,1.27273,1.27273,333.72727,175.09091,69.363636,11.18
Ant564,21,3,564,170.699,57,0,N,N,same,N,same,N,same,610.273,0.454545,1.18182,482.72727,77.545455,33.272727,7.273
Ant334,21,3,334,173.416,57,0,N,N,same,N,same,N,same,139.091,0.727273,0.181818,464.54545,149.36364,59.181818,9
Ant329,21,3,329,177.924,57,0,N,N,same,N,same,N,same,487.545,0.0909091,0.909091,521.72727,87.454545,41.181818,14.64
Ant96,21,3,96,178.241,57,0,N,N,same,N,same,C,switch,96.6364,0.545455,8.72727,441.54545,197,101.27273,23.64
Ant390,21,3,390,179.424,57,0,N,N,same,N,same,C,switch,43.4545,0,0.636364,461.72727,201.45455,66.272727,14
Ant62,21,3,62,185.194,57,0,N,N,same,N,same,N,same,87,0,0.363636,260.81818,135.81818,72,2.727
Ant178,21,3,178,190.318,57,0,N,N,same,N,same,N,same,73,0.727273,1.18182,487.54545,152.27273,49.636364,29.73
Ant638,21,3,638,122.483,64,150,F,F,same,NA,NA,NA,NA,5.90909,45.7273,0.0909091,26.272727,88.545455,454.54545,0.3636
Ant48,21,3,48,123.016,64,25,F,F,same,F,same,F,same,27.4545,38.6364,1.54545,88.090909,173.36364,455,1.182
Ant252,21,3,252,130.3,64,38,F,F,same,F,same,F,same,47.1818,236.818,5.18182,129.90909,237.36364,505.81818,3.727
Ant437,21,3,437,133.634,64,20,F,NA,NA,NA,NA,NA,NA,2.72727,6.90909,0.909091,49.363636,179.54545,512.09091,0.3636
Ant263,21,3,263,136.029,64,42,F,NA,NA,NA,NA,NA,NA,20.4545,13.9091,12.6364,71.272727,128.36364,434.90909,0.1818
Ant650,21,3,650,138.611,64,0,F,F,same,F,same,F,same,55.6364,5.72727,38.0909,90.090909,196.27273,277.27273,2.091
Ant518,21,3,518,140.036,64,443,F,F,same,C,switch,C,same,3.36364,13.7273,0,17.272727,62.818182,393.90909,0.3636
Ant117,21,3,117,142.622,64,18,F,F,same,F,same,F,same,32,87.6364,1.72727,100.90909,216.36364,353.90909,1.182
Ant621,21,3,621,146,64,0,F,F,same,F,same,F,same,75.4545,0.181818,1.63636,125.72727,228,225.45455,1.273
Ant127,21,3,127,147.679,64,24,F,F,same,NA,NA,NA,NA,4.90909,26.8182,0,32.545455,81.727273,417.27273,0.2727
Ant1,21,3,1,152.882,64,0,C,C,same,F,switch,F,same,55.5455,0.454545,0.545455,197.63636,262.18182,266.36364,2.182
Ant255,21,3,255,157.613,64,0,C,F,switch,F,same,NA,NA,6.18182,1.36364,1.09091,54.545455,128.36364,93.545455,0.2727
Ant161,21,3,161,157.953,64,233,F,NA,NA,NA,NA,NA,NA,52.2727,0.545455,0.636364,45.363636,163.18182,578.18182,0.09091
Ant109,21,3,109,158.256,64,0,C,C,same,F,switch,F,same,171.818,2.90909,1.09091,243.54545,261.18182,196.54545,7
Ant70,21,3,70,161.186,64,0,C,F,switch,F,same,F,same,109.455,1.54545,3.27273,182.27273,290.09091,376.90909,1.273
Ant124,21,3,124,165.747,64,0,C,C,same,F,switch,F,same,181.273,0.181818,0.909091,409.72727,291,168.09091,12.27
Ant105,21,3,105,169.614,64,0,N,N,same,N,same,N,same,417,2.45455,0.727273,628.72727,190.90909,98.545455,23.73
Ant43,21,3,43,171.283,64,0,N,N,same,N,same,N,same,229.455,2.09091,4.63636,669.81818,168.54545,88.727273,9.545
Ant395,21,3,395,135.148,71,73,F,F,same,F,same,NA,NA,46.4545,117,1.54545,83.272727,152.63636,419.36364,0.5455
Ant380,21,3,380,141.739,71,7,F,F,same,F,same,F,same,23.6364,5.18182,0.909091,73,160.72727,363.72727,0.4545
Ant54,21,3,54,142.622,71,12,C,F,switch,F,same,F,same,42.8182,4.36364,15.5455,120.09091,181.09091,205.54545,3.364
Ant156,21,3,156,143.422,71,0,F,NA,NA,NA,NA,NA,NA,9.09091,2.27273,2.54545,33.363636,69,242.54545,0.09091
Ant299,21,3,299,144.941,71,125,F,F,same,F,same,NA,NA,3.63636,30.8182,1.18182,43.818182,127.81818,527.72727,0
Ant59,21,3,59,147.462,71,0,C,C,same,NA,NA,NA,NA,151.273,5.18182,0.545455,255.72727,258.72727,148.72727,3.818
Ant308,21,3,308,155.077,71,0,N,N,same,N,same,NA,NA,59.0909,0.272727,0,379.63636,198,95.545455,3.455
Ant194,21,3,194,159.327,71,0,C,C,same,F,switch,F,same,48,1.36364,0.272727,147.54545,254.09091,267.72727,0.8182
Ant20,21,3,20,170.423,71,0,N,N,same,N,same,C,switch,154,0.636364,1.18182,534.90909,230.18182,112.27273,9.636
Ant607,21,3,607,178.34,71,0,N,N,same,N,same,N,same,293.091,0,0.0909091,442.81818,98.636364,33.090909,17
Ant57,21,3,57,136.473,78,119,F,F,same,NA,NA,NA,NA,4.81818,64.5455,0,17.727273,56.727273,347.81818,0
Ant475,21,3,475,166.087,78,0,F,F,same,F,same,F,same,4.54545,0.636364,2,55.636364,146.63636,311.45455,0.3636
Ant260,21,3,260,148.933,99,42,F,F,same,F,same,F,same,28.9091,49.8182,3.18182,90.636364,189.45455,577.18182,1.455
Ant301,21,3,301,178.539,99,0,N,N,same,N,same,C,switch,318.455,4.72727,0.909091,385.45455,226.54545,101.63636,8.545
Ant198,21,3,198,134.852,113,91,F,F,same,NA,NA,NA,NA,11.5455,27.5455,0.636364,48.454545,126.27273,607.45455,0.5455
Ant142,21,3,142,129.035,120,0,F,NA,NA,NA,NA,NA,NA,38.5455,0,0.272727,95.727273,233.27273,348.18182,1.727
Ant6,21,3,6,132.608,120,0,F,F,same,F,same,F,same,7.72727,2.45455,1.36364,56.090909,148,307,0.09091
Ant331,21,3,331,173.118,120,0,C,N,switch,N,same,F,switch,177.455,0.0909091,0.909091,204,167.54545,102.81818,2.455
Ant296,21,3,296,152.643,134,19,F,F,same,F,same,NA,NA,17.4545,29.0909,0,50.909091,115.09091,407.27273,0.5455
Ant256,21,3,256,206.553,139,0,F,F,same,F,same,F,same,24.5455,6.27273,0.363636,133.72727,226.27273,313.90909,0.1818
Ant530,21,3,530,158.66,141,74,F,NA,NA,NA,NA,NA,NA,2.63636,14.7273,0,15.272727,47.272727,633.54545,0
Ant342,21,3,342,158.902,148,20,F,F,same,F,same,F,same,13,30.6364,0.272727,90.454545,249.54545,836.90909,0.8182
Ant169,21,3,169,127.35,155,94,F,F,same,NA,NA,NA,NA,6.72727,68.4545,0.181818,23,72.909091,316.72727,0
Ant632,21,3,632,149.466,162,318,F,F,same,NA,NA,NA,NA,5.18182,38.2727,1.81818,28.545455,99.636364,427.90909,0.2727
Ant229,21,3,229,177.553,162,0,C,N,switch,C,switch,C,same,257.636,1.54545,1.63636,309.09091,262.63636,225.81818,2.455
Ant227,21,3,227,185.607,162,0,C,C,same,C,same,C,same,154.545,0.909091,1.09091,366.54545,434.27273,402.90909,5.545
Ant397,21,3,397,198.215,162,0,F,C,switch,N,switch,C,switch,134,1.36364,0.0909091,155.09091,263.45455,332.36364,1.545
Ant313,21,3,313,192.51,169,0,C,NA,NA,NA,NA,NA,NA,26.6364,6.09091,0.818182,171.54545,222.45455,223.72727,3
Ant118,21,3,118,197.773,169,0,C,C,same,NA,NA,NA,NA,36.1818,1.72727,0.909091,146.81818,205.09091,210.27273,1.182
Ant394,21,3,394,203.679,169,0,C,C,same,N,switch,NA,NA,49.1818,1.63636,19.7273,219.45455,205.90909,127.09091,7.727
Ant12,21,3,12,217.037,176,0,F,F,same,C,switch,C,same,110.818,20.2727,0,194.09091,297.45455,550.81818,0.4545
Ant740,21,3,740,227.748,176,0,C,C,same,C,same,NA,NA,30.2727,4.90909,2.72727,221.63636,275.45455,324.90909,3.818
Ant51,21,3,51,209.022,183,0,C,F,switch,F,same,C,switch,10.1818,2.54545,0.727273,210.90909,248.45455,267.81818,1
Ant215,21,3,215,250.154,183,0,F,F,same,C,switch,F,switch,18.7273,9.18182,0,145.81818,275.18182,858.54545,0.6364
Ant190,21,3,190,199.489,190,0,F,C,switch,F,switch,C,switch,88.7273,1.27273,0.181818,115.27273,192.27273,245.36364,0.8182
Ant278,21,3,278,189.256,197,0,C,C,same,F,switch,NA,NA,21,6.36364,36.7273,86.090909,176.54545,166,0.7273
Ant172,21,3,172,196.084,197,0,N,N,same,N,same,C,switch,202.818,0.909091,0.0909091,409.90909,279.45455,156.18182,6.364
Ant23,21,3,23,234.77,204,0,N,N,same,N,same,N,same,17.3636,0.272727,1.54545,221.72727,173.45455,132.63636,2.818
Ant476,21,3,476,193.507,246,0,F,F,same,F,same,F,same,2.36364,56.3636,0.454545,35.272727,83.636364,392.36364,0.09091
Ant604,21,3,604,301.204,1453,0,Q,Q,same,Q,same,Q,same,13.3636,0,1.81818,754.36364,122.90909,32.272727,0
Ant387,29,4,387,97.949,14,0,F,NA,NA,NA,NA,NA,NA,7.36364,19.8182,25.2727,29.181818,87.363636,121.54545,1
Ant5,29,4,5,112.071,14,0,F,F,same,NA,NA,NA,NA,28.5455,18.1818,108.545,44.909091,137,207,0.5455
Ant632,29,4,632,121.264,14,0,C,F,switch,NA,NA,NA,NA,74.9091,4.27273,5.54545,129,112.18182,80.272727,10.64
Ant356,29,4,356,130.392,14,0,N,N,same,N,same,N,same,398.364,0.272727,0.181818,302.27273,151.72727,72,6.455
Ant564,29,4,564,130.943,14,0,N,N,same,N,same,NA,NA,215.182,0,0,263.18182,100.54545,42.636364,7.909
Ant202,29,4,202,130.973,14,42,F,NA,NA,NA,NA,NA,NA,2.72727,52.9091,1.90909,14.636364,98.545455,162,0.6364
Ant19,29,4,19,131.309,14,0,C,N,switch,NA,NA,NA,NA,90.6364,1.18182,1.72727,141.18182,108.18182,76.454545,2
Ant334,29,4,334,132.136,14,0,N,N,same,N,same,NA,NA,735.273,0.272727,0.545455,324.54545,121.18182,53.909091,7.727
Ant305,29,4,305,132.231,14,0,N,N,same,C,switch,C,same,372.364,0,1.27273,289.27273,144.09091,71.545455,7.091
Ant326,29,4,326,133.004,14,0,N,N,same,NA,NA,NA,NA,306.455,1.72727,5.36364,223.18182,94.818182,41.636364,8
Ant501,29,4,501,134.078,14,0,C,NA,NA,NA,NA,NA,NA,58.8182,48,71.9091,75.363636,120.45455,126.09091,2.273
Ant433,29,4,433,134.172,14,0,N,NA,NA,NA,NA,NA,NA,96.5455,0.818182,0.909091,137.72727,81.272727,40.363636,3.909
Ant320,29,4,320,135.713,14,0,F,F,same,NA,NA,NA,NA,77.7273,9.45455,43.7273,92,217,203.27273,7.364
Ant740,29,4,740,135.794,14,0,N,N,same,F,switch,NA,NA,351.273,2.09091,1.54545,284.90909,104.90909,42.181818,13.82
Ant296,29,4,296,135.96,14,0,C,NA,NA,NA,NA,NA,NA,183.182,0.454545,7.18182,215.54545,219.18182,173.09091,3.364
Ant353,29,4,353,136.242,14,0,F,NA,NA,NA,NA,NA,NA,360.818,3.45455,29.5455,51.090909,122.09091,128.63636,1.182
Ant49,29,4,49,136.693,14,0,C,N,switch,N,same,N,same,80.9091,1.90909,2.09091,189.90909,178.63636,136.18182,18.18
Ant140,29,4,140,136.883,14,0,C,F,switch,NA,NA,NA,NA,81.1818,1.90909,10.4545,176.45455,264,218.54545,5.364
Ant17,29,4,17,137.612,14,0,N,N,same,N,same,NA,NA,194.091,0,0,276.18182,84.727273,29.818182,8.364
Ant4,29,4,4,138.405,14,0,N,N,same,NA,NA,NA,NA,281.273,0,0.454545,300.45455,94.909091,39.090909,7.182
Ant59,29,4,59,138.798,14,0,N,N,same,N,same,NA,NA,345.182,0.545455,2.72727,458,140.90909,59.818182,17.64
Ant610,29,4,610,140.036,14,4,F,NA,NA,NA,NA,NA,NA,26.9091,5.18182,18.8182,64.636364,115.81818,152.36364,1
Ant0,29,4,0,140.089,14,0,N,NA,NA,NA,NA,NA,NA,142.091,1.90909,2.63636,219.27273,110.27273,45.818182,7
Ant71,29,4,71,142.78,14,0,N,N,same,N,same,NA,NA,246,0,0.545455,307.45455,80.363636,28.636364,10.18
Ant242,29,4,242,142.899,14,0,N,N,same,N,same,N,same,544.091,0.727273,8.09091,281.27273,201,101,5.727
Ant599,29,4,599,143.59,14,0,C,N,switch,N,same,N,same,49,2.27273,8.63636,162.81818,155.63636,142.27273,2.636
Ant534,29,4,534,144.281,14,0,N,N,same,N,same,NA,NA,218.364,0.0909091,1.63636,220.27273,140.18182,67.090909,3.636
Ant607,29,4,607,144.554,14,0,C,F,switch,F,same,NA,NA,120.091,4.72727,13.9091,98.090909,142.90909,82.272727,7.727
Ant97,29,4,97,144.9,14,0,C,F,switch,F,same,F,same,428.455,5.54545,6.27273,249,151.81818,108.90909,6.727
Ant115,29,4,115,145.165,14,0,N,N,same,N,same,NA,NA,346.727,2.90909,6,224.45455,83.272727,37.909091,4
Ant530,29,4,530,145.165,14,0,N,N,same,NA,NA,NA,NA,149.091,0.363636,1.18182,300.72727,92,30.272727,11.73
Ant149,29,4,149,145.231,14,0,C,NA,NA,NA,NA,NA,NA,173.909,0.272727,1.09091,226.54545,262.72727,247.63636,6.455
Ant25,29,4,25,145.437,14,0,F,F,same,C,switch,F,switch,18.4545,1.72727,2.81818,145.18182,235.90909,221,4
Ant148,29,4,148,146.103,14,0,C,F,switch,F,same,F,same,70.3636,0.636364,2.63636,275.18182,279.72727,182.09091,10.55
Ant646,29,4,646,146.294,14,0,N,N,same,N,same,NA,NA,214.545,0,3.27273,270.09091,80.909091,33,11.27
Ant929,29,4,929,148.408,14,0,N,N,same,NA,NA,NA,NA,154.182,0.363636,1,291.09091,55.545455,22.363636,9.636
Ant62,29,4,62,148.93,14,0,N,C,switch,NA,NA,NA,NA,391.727,3,5.36364,272.54545,152.72727,56,10.36
Ant250,29,4,250,149.04,14,0,N,N,same,N,same,NA,NA,353.636,1.27273,3.18182,360.63636,94.727273,35.272727,11.09
Ant24,29,4,24,149.482,14,0,N,N,same,N,same,N,same,507,0.272727,1,208,108.18182,48.181818,8.727
Ant838,29,4,838,150.712,14,0,N,N,same,NA,NA,NA,NA,540.273,1.18182,0,228.81818,96.545455,56.272727,1.364
Ant262,29,4,262,151.169,14,0,C,N,switch,N,same,C,switch,10.9091,0.636364,2.54545,134.63636,158.09091,154.54545,6.091
Ant158,29,4,158,151.327,14,0,N,C,switch,NA,NA,NA,NA,307.091,4.09091,5.27273,266.81818,156.27273,60.181818,6.636
Ant153,29,4,153,153.688,14,0,C,N,switch,C,switch,NA,NA,54,2.18182,2.81818,150.27273,169.54545,119.63636,2.455
Ant289,29,4,289,153.808,14,0,N,N,same,NA,NA,NA,NA,308.818,4.27273,6.72727,272.54545,109.36364,41.181818,9.182
Ant27,29,4,27,154.379,14,0,F,N,switch,N,same,N,same,34.8182,2.36364,1.36364,140.09091,263.54545,250.18182,2
Ant311,29,4,311,154.987,14,0,C,N,switch,N,same,NA,NA,104.545,0,0.272727,294.36364,255.72727,185.18182,5.727
Ant391,29,4,391,156.605,14,0,N,N,same,N,same,N,same,543.727,0,0.181818,367,86.818182,26.909091,20.64
Ant217,29,4,217,156.978,14,0,N,N,same,NA,NA,NA,NA,193.909,1.18182,0.818182,227.72727,55.181818,21.272727,19.64
Ant73,29,4,73,162.049,14,0,N,N,same,N,same,N,same,107,0,0,350.54545,119.18182,39.727273,14.91
Ant237,29,4,237,163.615,14,0,N,N,same,F,switch,NA,NA,98.3636,0,1.63636,166.09091,96.818182,35.909091,2.727
Ant172,29,4,172,172.977,14,0,N,NA,NA,NA,NA,NA,NA,233.364,0,1.27273,357.45455,118.90909,42.909091,15.55
Ant44,29,4,44,225.4,14,0,N,N,same,N,same,N,same,515.636,0.454545,2.27273,647.72727,283.45455,113.63636,46.09
Ant482,29,4,482,119.52,19,0,F,NA,NA,NA,NA,NA,NA,197.727,1.36364,8.27273,74.272727,168.63636,191.45455,1.545
Ant397,29,4,397,133.69,19,0,C,NA,NA,NA,NA,NA,NA,221.364,7.18182,3.09091,90.454545,147,114.81818,2.636
Ant210,29,4,210,134.807,19,0,C,F,switch,NA,NA,NA,NA,161.091,5.63636,11.0909,96.454545,130.72727,99.363636,1.727
Ant251,29,4,251,135.059,19,0,C,NA,NA,NA,NA,NA,NA,25.5455,9.27273,1.54545,51.090909,117.36364,110.09091,2.455
Ant476,29,4,476,135.326,19,0,C,F,switch,F,same,F,same,155.091,0.0909091,0.0909091,79.454545,79.090909,41.272727,3.818
Ant114,29,4,114,137.102,19,0,C,NA,NA,NA,NA,NA,NA,54.7273,95.5455,57.0909,48.181818,119,105,1.182
Ant264,29,4,264,171.418,19,0,N,N,same,N,same,N,same,321.182,0,0.363636,390.27273,128.90909,56.181818,10.55
Ant245,29,4,245,175.514,19,37,C,NA,NA,NA,NA,NA,NA,4.09091,34.5455,0.727273,12.181818,77.636364,115.72727,0.09091
Ant126,29,4,126,139.205,40,5,F,NA,NA,NA,NA,NA,NA,47.8182,0.272727,1.27273,55.636364,177,223.36364,2.727
Ant221,29,4,221,149.272,40,0,C,NA,NA,NA,NA,NA,NA,124.182,1,0.727273,86.181818,111.45455,95.727273,1.182
Ant507,29,4,507,157.582,40,0,C,F,switch,NA,NA,NA,NA,183.818,4,28.3636,141.09091,192.45455,142.63636,5.818
Ant32,29,4,32,157.623,40,0,F,F,same,NA,NA,NA,NA,29.7273,1,0.363636,107.72727,225.36364,220.45455,1.727
Ant263,29,4,263,159.928,40,0,N,N,same,N,same,N,same,164.727,0,0.545455,193,142.36364,56.727273,8.182
Ant191,29,4,191,239.508,40,3,C,C,same,C,same,C,same,7,9.72727,1.09091,29.272727,78.818182,91,1.273
Ant1,29,4,1,104.202,50,1,C,F,switch,C,switch,NA,NA,2.18182,69.3636,10.1818,15,65.454545,94.363636,0.09091
Ant614,29,4,614,106.405,50,27,C,NA,NA,NA,NA,NA,NA,0,19.7273,1.27273,9.5454545,89.090909,134.81818,0
Ant518,29,4,518,124.908,50,64,F,NA,NA,NA,NA,NA,NA,16.4545,153.455,6.18182,36.909091,133.54545,197.63636,1
Ant261,29,4,261,125.603,50,61,F,NA,NA,NA,NA,NA,NA,1.81818,41.3636,1.18182,19.818182,102,150.45455,1.455
Ant23,29,4,23,148.337,50,0,C,NA,NA,NA,NA,NA,NA,81.2727,9.81818,368.364,87,118.45455,106.45455,3.727
Ant192,29,4,192,153.17,50,0,F,NA,NA,NA,NA,NA,NA,12.0909,7.09091,7.18182,83.909091,169.18182,151.54545,3.273
Ant540,29,4,540,153.388,50,0,N,N,same,C,switch,NA,NA,168.273,5.81818,9.81818,265.27273,214,91.818182,6.182
Ant14,29,4,14,156.4,50,124,F,NA,NA,NA,NA,NA,NA,33.1818,171.455,89.5455,62.454545,175.09091,214.54545,2.182
Ant299,29,4,299,159.906,50,0,N,N,same,N,same,N,same,395.636,3.09091,0.272727,428.45455,200.63636,84.818182,26.36
Ant252,29,4,252,165.412,50,0,N,N,same,N,same,N,same,465.091,2.72727,2.90909,426.09091,132.54545,47.545455,21.45
Ant176,29,4,176,181.339,50,0,F,F,same,N,switch,N,same,36.4545,2.45455,3.81818,162,282.54545,203.72727,4.818
Ant592,29,4,592,204.012,50,0,C,F,switch,N,switch,N,same,35.9091,0.545455,0.272727,202.18182,222.72727,143,4.455
Ant117,29,4,117,213.15,50,0,C,N,switch,N,same,N,same,64.2727,6.45455,1.90909,304.18182,362.63636,260,3.545
Ant593,29,4,593,214.849,50,0,C,F,switch,C,switch,C,same,27.0909,0,2.54545,205.27273,249.09091,165.63636,5.727
Ant186,29,4,186,133.989,57,15,F,NA,NA,NA,NA,NA,NA,2.72727,37.9091,8.54545,27.909091,149.09091,206.45455,0.6364
Ant255,29,4,255,142.941,57,60,F,NA,NA,NA,NA,NA,NA,51.8182,83.3636,74.2727,50.454545,152.09091,154.54545,2.727
Ant96,29,4,96,158.028,57,0,F,C,switch,NA,NA,NA,NA,99.0909,0.363636,0.272727,107.45455,229.18182,277.36364,1.545
Ant6,29,4,6,184.556,57,0,N,N,same,N,same,N,same,256.636,3.27273,3.18182,338,124.72727,46.272727,11.27
Ant170,29,4,170,167.586,64,0,N,N,same,N,same,N,same,263,0.818182,0.636364,252.72727,125.27273,56.727273,10.73
Ant173,29,4,173,143.377,71,9,C,NA,NA,NA,NA,NA,NA,0,28.0909,1.36364,13.454545,74.909091,97.545455,0.1818
Ant220,29,4,220,151.608,71,0,F,NA,NA,NA,NA,NA,NA,137.091,46.1818,42,93,203.45455,214.09091,3.545
Ant120,29,4,120,166.976,71,0,C,F,switch,C,switch,NA,NA,127.545,52.8182,216.636,195.27273,227.09091,182.18182,11.73
Ant51,29,4,51,175.636,71,0,C,F,switch,C,switch,C,same,43.1818,2,1.63636,196.18182,251.54545,186,6.727
Ant638,29,4,638,196.705,85,0,C,F,switch,F,same,F,same,34.0909,71.8182,1.18182,101.27273,224,273.27273,0.9091
Ant298,29,4,298,149.913,92,0,C,F,switch,C,switch,NA,NA,51.7273,9.63636,137.545,238.72727,262.27273,209.36364,11.09
Ant65,29,4,65,138.033,106,0,F,NA,NA,NA,NA,NA,NA,119.364,13.7273,8.27273,43,123.18182,124.90909,0.6364
Ant475,29,4,475,165.529,106,0,N,N,same,N,same,N,same,496.727,0.181818,0.454545,335.18182,219.90909,84.181818,17.55
Ant227,29,4,227,159.063,113,41,F,C,switch,C,same,C,same,111.636,382.545,102.091,52,133.81818,182.90909,1.636
Ant2,29,4,2,177.539,134,0,F,F,same,F,same,F,same,4.45455,19,2.18182,128.72727,375.09091,405.45455,2.273
Ant256,29,4,256,185.715,134,42,F,C,switch,C,same,C,same,0.545455,88.7273,0.272727,35.272727,166.09091,224,0.5455
Ant26,29,4,26,192.899,134,19,C,NA,NA,NA,NA,NA,NA,0.272727,31.0909,0.818182,8.3636364,55.272727,80.363636,0.3636
Ant332,29,4,332,193.197,197,0,F,F,same,F,same,NA,NA,28.6364,1.72727,0.0909091,109.36364,223.90909,203.81818,1.091
Ant502,29,4,502,284.318,1453,0,Q,Q,same,Q,same,Q,same,38.4545,0,0,430.45455,158.90909,52.090909,0
Ant433,58,5,433,143.544,0,85,F,NA,NA,NA,NA,NA,NA,9.54545,5.36364,3.36364,38,78.818182,621,0.3636
Ant28,58,5,28,152.463,0,115,F,F,same,NA,NA,NA,NA,16.0909,22.9091,0.727273,78.727273,146.27273,642,0
Ant398,58,5,398,144.903,14,0,N,NA,NA,NA,NA,NA,NA,416.909,0.636364,2.09091,450.27273,62.272727,38.090909,21.09
Ant170,58,5,170,146.728,14,0,C,C,same,F,switch,NA,NA,75.5455,0.818182,13.4545,315.72727,217.90909,77.545455,4.545
Ant220,58,5,220,149.883,14,0,N,NA,NA,NA,NA,NA,NA,754.182,0,0.181818,432.90909,84.636364,31.363636,7.636
Ant5,58,5,5,150.572,14,0,N,N,same,N,same,N,same,361.364,0,32,578.18182,102.18182,30.818182,18.18
Ant278,58,5,278,152.043,14,0,C,N,switch,NA,NA,NA,NA,368.091,0,5.27273,550.54545,349.54545,72.545455,18.27
Ant549,58,5,549,154.311,14,0,N,C,switch,F,switch,F,same,209.364,0,0.909091,571.18182,295.63636,188.54545,2.091
Ant232,58,5,232,155.621,14,0,N,NA,NA,NA,NA,NA,NA,164.727,0,0,604.27273,160.36364,76.454545,12.73
Ant176,58,5,176,155.724,14,0,N,NA,NA,NA,NA,NA,NA,135.545,0,0.454545,566.45455,185.45455,63.181818,9.182
Ant62,58,5,62,158.619,14,0,N,N,same,N,same,N,same,177.273,0,0.454545,569.18182,166.72727,89.181818,15.18
Ant55,58,5,55,162.69,14,24,F,F,same,C,switch,NA,NA,7.72727,7.45455,0,60.272727,117.90909,729.18182,0
Ant305,58,5,305,163.67,14,0,N,N,same,N,same,N,same,477.182,0,1.36364,581,89.727273,31.818182,7.273
Ant153,58,5,153,164.137,14,0,N,NA,NA,NA,NA,NA,NA,355.818,0.272727,0,464.54545,82.818182,28.727273,10.18
Ant238,58,5,238,167.215,14,0,C,NA,NA,NA,NA,NA,NA,238.273,0.454545,51.2727,480.54545,623.90909,143.18182,4.636
Ant81,58,5,81,168.324,14,0,N,N,same,C,switch,N,switch,113.909,0.0909091,1.36364,464.18182,210.54545,86.636364,3.727
Ant540,58,5,540,172.467,14,0,N,N,same,NA,NA,NA,NA,150.455,0,7.63636,401,91.090909,31.454545,12
Ant144,58,5,144,175.505,14,0,N,NA,NA,NA,NA,NA,NA,306.818,0,0,472.72727,73.363636,28.363636,13
Ant65,58,5,65,176.98,14,0,N,N,same,NA,NA,NA,NA,300.909,0.272727,0,587.63636,92.181818,28.909091,18.09
Ant186,58,5,186,177.553,14,12,F,NA,NA,NA,NA,NA,NA,23.7273,3.72727,3.72727,143.18182,212.63636,777.90909,0.09091
Ant610,58,5,610,190.801,14,0,N,N,same,NA,NA,NA,NA,215.909,1.36364,0.454545,477.45455,176.54545,174.72727,3.636
Ant391,58,5,391,204.12,14,1,N,N,same,N,same,C,switch,296.818,0.636364,25,513.54545,160.09091,63.727273,40.73
Ant261,58,5,261,205.937,14,0,N,N,same,N,same,N,same,22.2727,0.363636,2.36364,490.90909,242.54545,82.181818,8
Ant100,58,5,100,208.274,14,0,N,N,same,F,switch,F,same,235.636,1.54545,2.54545,714,315.81818,143,21.18
Ant156,58,5,156,113.741,40,63,F,F,same,C,switch,C,same,11.0909,11.4545,0.727273,33.545455,66,485.81818,0.4545
Ant137,58,5,137,131.529,40,16,C,F,switch,NA,NA,NA,NA,68.9091,6,19.1818,559.18182,456.90909,396.09091,26.55
Ant209,58,5,209,134.358,40,0,N,N,same,C,switch,C,same,302.091,0.0909091,0.0909091,388.90909,166.63636,68.181818,4.273
Ant263,58,5,263,134.974,40,0,N,N,same,N,same,C,switch,293.182,0,1.45455,277.27273,104.81818,53.636364,2.273
Ant13,58,5,13,135.329,40,0,N,N,same,F,switch,F,same,58.6364,0.545455,9.63636,461.18182,141.36364,46.181818,14.82
Ant68,58,5,68,136.953,40,0,N,N,same,N,same,C,switch,1001,0,1,524,70,25.090909,41.82
Ant332,58,5,332,140.132,40,0,N,C,switch,F,switch,F,same,71.2727,0.454545,7.45455,359.81818,292.45455,114.09091,4
Ant621,58,5,621,146.632,40,1,C,F,switch,NA,NA,NA,NA,79.9091,0,4.27273,224.54545,264.54545,186.72727,0.4545
Ant102,58,5,102,146.823,40,0,C,F,switch,F,same,NA,NA,82.6364,0.454545,0.545455,110.54545,215.72727,86.454545,0.1818
Ant353,58,5,353,148.661,40,0,N,N,same,N,same,N,same,1048.64,0,0,447.09091,53.363636,18.090909,31.27
Ant334,58,5,334,150.147,40,0,N,N,same,N,same,C,switch,290.182,0,0,423.63636,67.363636,31.818182,43.18
Ant376,58,5,376,151.743,40,0,N,N,same,N,same,N,same,217.909,2.45455,11,312,65.909091,25.727273,19.09
Ant70,58,5,70,154.26,40,0,C,F,switch,NA,NA,NA,NA,1,0.363636,4.81818,113.09091,320.72727,138.45455,0.5455
Ant301,58,5,301,155.974,40,96,F,F,same,NA,NA,NA,NA,12.2727,7.27273,2,110.90909,169.45455,715.27273,0
Ant243,58,5,243,156.32,40,0,N,N,same,C,switch,C,same,210,0.727273,1.54545,419,186.72727,83.181818,4.182
Ant32,58,5,32,159.656,40,0,N,N,same,N,same,N,same,468.909,0.181818,1.72727,466.72727,90.363636,40.090909,22.64
Ant27,58,5,27,161.608,40,0,N,N,same,N,same,C,switch,364,0.0909091,1.63636,328.72727,91.818182,43.272727,15
Ant174,58,5,174,164.344,40,0,N,N,same,N,same,N,same,349.818,2.45455,0.818182,470,55.363636,23,25.64
Ant4,58,5,4,170.95,40,0,N,N,same,NA,NA,NA,NA,137.818,1.63636,0.727273,443.81818,63.363636,30.727273,26.18
Ant29,58,5,29,173.159,40,0,N,N,same,N,same,N,same,185.545,0,1.18182,446.81818,59.272727,23.909091,23.55
Ant52,58,5,52,177.913,40,0,N,N,same,N,same,N,same,255.182,0.181818,4.63636,347.81818,124.90909,58.181818,28.36
Ant212,58,5,212,178.55,40,0,N,N,same,NA,NA,NA,NA,177.818,0,1.36364,534.90909,151.81818,62.545455,18.73
Ant97,58,5,97,201.467,40,0,C,C,same,F,switch,F,same,0.818182,0,0.727273,163.09091,437.09091,284.81818,0.09091
Ant347,58,5,347,132.306,50,86,F,F,same,C,switch,NA,NA,12.0909,22.8182,2.54545,68.727273,155.09091,851.36364,0.09091
Ant356,58,5,356,136.795,50,0,N,C,switch,NA,NA,NA,NA,295.727,1,154.909,459.90909,289.81818,104.72727,2.455
Ant191,58,5,191,144.627,50,0,N,N,same,N,same,N,same,565.273,0,2.81818,513,115.18182,32.727273,20.64
Ant158,58,5,158,144.972,50,0,C,F,switch,NA,NA,NA,NA,83.8182,1.63636,0.0909091,237,224.36364,178.63636,0.6364
Ant592,58,5,592,157.686,50,47,F,F,same,F,same,NA,NA,16.6364,8.09091,8.63636,228.72727,449.81818,567.81818,1.909
Ant71,58,5,71,180.602,50,0,N,N,same,N,same,N,same,130.818,0.363636,0,544,110,40.363636,44.73
Ant178,58,5,178,114.529,57,68,F,NA,NA,NA,NA,NA,NA,3.36364,11.3636,2.54545,68.181818,107.27273,812.81818,1.273
Ant169,58,5,169,129.294,57,0,N,N,same,C,switch,NA,NA,314.182,0,0,507.54545,130.81818,82.090909,12
Ant30,58,5,30,140.064,57,0,N,N,same,C,switch,C,same,94.3636,0.181818,2.27273,308.72727,113.45455,33,5.273
Ant198,58,5,198,142.352,57,29,F,F,same,F,same,NA,NA,7.72727,4.90909,41,135.36364,290.54545,563.36364,1.364
Ant242,58,5,242,147.167,57,0,N,N,same,F,switch,F,same,575.273,0,3.54545,451.63636,129.36364,35.727273,31.82
Ant113,58,5,113,152.427,57,0,N,C,switch,F,switch,NA,NA,747.364,5.81818,0,298.90909,138.54545,175.18182,7.273
Ant139,58,5,139,157.003,57,39,F,F,same,F,same,C,switch,16.1818,6,1,180.90909,383,698.63636,0.09091
Ant40,58,5,40,160.705,57,0,N,N,same,C,switch,C,same,74.2727,0.818182,36.6364,406.18182,107.54545,34.181818,35.45
Ant218,58,5,218,161.276,57,0,N,C,switch,F,switch,F,same,553.727,0,19.0909,450.81818,279.63636,136.54545,2.909
Ant646,58,5,646,167.108,57,0,N,N,same,F,switch,F,same,198.727,1.63636,0,496.63636,113.81818,99.454545,15.82
Ant59,58,5,59,168.582,57,0,N,N,same,N,same,N,same,353.818,0,0.363636,585.18182,94.818182,30.727273,28.27
Ant74,58,5,74,181.728,57,0,N,N,same,N,same,NA,NA,167.364,0,0.272727,491.90909,198.54545,74.545455,10.45
Ant126,58,5,126,189.679,57,0,N,N,same,N,same,N,same,238.727,0.727273,0.454545,609.63636,162.63636,56,62.91
Ant25,58,5,25,196.105,57,0,C,C,same,F,switch,F,same,67.7273,2.18182,2.27273,472.36364,272.09091,114.36364,5
Ant501,58,5,501,127.047,64,18,F,F,same,NA,NA,NA,NA,19.5455,8.54545,0,56.545455,79,642.27273,0.09091
Ant580,58,5,580,137.317,64,0,N,C,switch,F,switch,F,same,174.818,1,6.72727,426.63636,230.18182,74.454545,5
Ant600,58,5,600,138.311,64,36,F,F,same,NA,NA,NA,NA,107.818,30.6364,1.63636,188,204.54545,597.63636,0.7273
Ant607,58,5,607,138.975,64,0,N,N,same,C,switch,C,same,171,0.363636,1.90909,465.45455,160.45455,108.81818,8.364
Ant80,58,5,80,141.283,64,249,F,F,same,NA,NA,NA,NA,7.90909,30.1818,1.81818,55.272727,119.27273,800.45455,0.6364
Ant552,58,5,552,143.544,64,0,C,F,switch,NA,NA,NA,NA,36.4545,1.09091,26.1818,156.09091,235.36364,175.72727,0.1818
Ant219,58,5,219,148.489,64,36,F,F,same,NA,NA,NA,NA,9.72727,12.3636,0,69.181818,150.36364,466.54545,0
Ant394,58,5,394,151.476,64,102,F,F,same,NA,NA,NA,NA,1.45455,5.54545,0.818182,98.454545,197.27273,1188.3636,0.7273
Ant26,58,5,26,154.201,64,9,C,F,switch,F,same,NA,NA,88.6364,1.18182,0,264,263.36364,301.63636,0.6364
Ant604,58,5,604,157.013,64,10,F,F,same,NA,NA,NA,NA,106.091,0.181818,0.0909091,281.54545,223.72727,526.09091,0.09091
Ant575,58,5,575,137.084,71,0,N,C,switch,NA,NA,NA,NA,257.909,0.909091,16.7273,464.72727,234,112.18182,3.455
Ant12,58,5,12,145.134,71,0,C,F,switch,NA,NA,NA,NA,18,1.27273,53,132.90909,295.18182,173.27273,0.6364
Ant268,58,5,268,145.344,71,0,C,C,same,F,switch,NA,NA,330.455,0.272727,4.09091,255.90909,269.18182,96,3.455
Ant2,58,5,2,166.012,71,0,N,N,same,NA,NA,NA,NA,507,0.272727,1.36364,513.09091,63,28.545455,33.64
Ant221,58,5,221,168.621,71,0,N,NA,NA,NA,NA,NA,NA,232.182,0,0,493.36364,166,120.90909,1.727
Ant66,58,5,66,188.438,71,0,N,N,same,N,same,N,same,133.545,0.363636,0,394.45455,103.18182,36.909091,13.27
Ant265,58,5,265,130.384,78,6,C,F,switch,NA,NA,NA,NA,5.36364,19,10.8182,59.727273,269.36364,276.90909,0
Ant73,58,5,73,136.308,78,86,F,NA,NA,NA,NA,NA,NA,4.09091,14.6364,3.72727,79.818182,122.90909,572.36364,0.09091
Ant838,58,5,838,137.058,78,6,F,F,same,NA,NA,NA,NA,61.2727,9.27273,0.0909091,146.45455,245.90909,425,0.1818
Ant1,58,5,1,139.943,78,74,F,NA,NA,NA,NA,NA,NA,1.81818,23.8182,1.36364,28.363636,76.909091,896.81818,0
Ant105,58,5,105,148.93,78,0,N,N,same,N,same,C,switch,288.727,0,0.454545,388.81818,92,47.454545,16.91
Ant294,58,5,294,150.814,78,0,N,N,same,F,switch,F,same,143.091,0.0909091,5.81818,396.90909,155.45455,70.363636,8.909
Ant320,58,5,320,157.137,78,0,C,C,same,F,switch,F,same,52.7273,1.36364,7.81818,188.90909,269.90909,150.72727,1.455
Ant244,58,5,244,174.385,78,0,N,N,same,NA,NA,NA,NA,15.3636,0,0.363636,403.45455,167.81818,90.636364,4.545
Ant260,58,5,260,178.908,78,0,N,N,same,NA,NA,NA,NA,113.727,0,0,508.63636,109.72727,52.363636,16.91
Ant638,58,5,638,186.682,78,0,N,N,same,N,same,N,same,125.545,0.272727,2.27273,506.63636,187.45455,108.90909,13.36
Ant299,58,5,299,126.905,85,88,F,F,same,NA,NA,NA,NA,30.1818,18.2727,0.363636,72.818182,146.63636,669.36364,0.2727
Ant318,58,5,318,144.534,85,0,C,F,switch,F,same,F,same,5.36364,0.727273,25.3636,69.818182,176.27273,101.90909,0
Ant117,58,5,117,144.807,85,0,N,N,same,NA,NA,NA,NA,340.909,0.636364,20.6364,461.72727,196.90909,129.18182,17.09
Ant96,58,5,96,155.425,85,60,F,NA,NA,NA,NA,NA,NA,10.4545,4.54545,0.363636,184.36364,324.54545,688.27273,3.182
Ant255,58,5,255,159.226,85,0,N,N,same,N,same,NA,NA,183.364,0.636364,0.909091,423.63636,107.63636,38.272727,11.45
Ant142,58,5,142,177.226,85,0,N,N,same,N,same,NA,NA,88.7273,1.45455,0,383.72727,169.45455,135.36364,6.909
Ant673,58,5,673,185.586,85,0,N,N,same,N,same,C,switch,154.364,0.818182,1.63636,449.45455,147.54545,56.727273,18.73
Ant149,58,5,149,138.975,92,1,C,F,switch,NA,NA,NA,NA,14.3636,0.272727,0.454545,196.63636,230.27273,243.27273,0.1818
Ant256,58,5,256,142.622,92,82,F,F,same,F,same,F,same,27.6364,14.8182,2.81818,130.18182,262.54545,383.09091,0.4545
Ant527,58,5,527,149.164,92,0,C,C,same,NA,NA,NA,NA,221.818,0.181818,6.63636,412.36364,318.54545,148.72727,3.636
Ant492,58,5,492,157.801,92,2,C,C,same,F,switch,F,same,29.4545,1.90909,48.7273,277.27273,266.18182,104.81818,1.909
Ant38,58,5,38,162.929,92,2,C,C,same,NA,NA,NA,NA,39,0.272727,4.45455,156.27273,374.18182,160.81818,2.545
Ant85,58,5,85,163.404,92,0,C,NA,NA,NA,NA,NA,NA,37,0.272727,13.7273,159,257.90909,158,0.8182
Ant620,58,5,620,169,92,0,C,C,same,C,same,NA,NA,10.6364,2.36364,17.2727,160.90909,371,214,0
Ant196,58,5,196,169.257,92,0,C,C,same,C,same,C,same,42.6364,0.181818,9.27273,321.54545,257.45455,157.63636,5.909
Ant650,58,5,650,172.838,92,103,F,F,same,F,same,NA,NA,50.4545,45.6364,9.27273,433.45455,459.81818,653.63636,13.55
Ant114,58,5,114,197.223,92,0,C,C,same,F,switch,F,same,6.72727,0.272727,1.18182,199.72727,426.18182,241.18182,0.4545
Ant20,58,5,20,141.152,99,0,C,F,switch,F,same,F,same,189.364,0.818182,9.45455,389.45455,365.18182,152.18182,9.818
Ant475,58,5,475,145.152,99,88,F,F,same,NA,NA,NA,NA,10.1818,72.6364,3,128.18182,266.54545,631.63636,1.091
Ant395,58,5,395,147.218,99,2,C,F,switch,NA,NA,NA,NA,401.091,0,1.36364,191.63636,263.54545,189,0
Ant24,58,5,24,156.605,99,68,F,NA,NA,NA,NA,NA,NA,6,3.09091,0,45.727273,59.818182,600.18182,0
Ant257,58,5,257,157.207,99,3,C,F,switch,NA,NA,NA,NA,33.5455,8.81818,0.181818,170.90909,314.18182,424.54545,0.9091
Ant173,58,5,173,163.683,99,25,F,F,same,NA,NA,NA,NA,96.2727,0.636364,0.545455,228.27273,271,728.36364,0.2727
Ant44,58,5,44,171.703,99,6,F,NA,NA,NA,NA,NA,NA,77.2727,0.545455,1.09091,245.72727,259.27273,394.18182,0.5455
Ant148,58,5,148,184.859,99,0,N,C,switch,C,same,C,same,56.1818,0,2.72727,306.45455,147.09091,80.272727,11.45
Ant226,58,5,226,151.98,106,0,N,N,same,N,same,N,same,321.545,0,14.4545,404.63636,88.454545,31.181818,23.09
Ant308,58,5,308,163.835,106,0,N,N,same,F,switch,F,same,160.727,0.363636,0.818182,385.72727,225.45455,133.27273,3.273
Ant42,58,5,42,169.812,106,0,C,C,same,NA,NA,NA,NA,17.3636,0,0.181818,316.45455,188.54545,209.54545,0.1818
Ant342,58,5,342,140.357,113,0,F,C,switch,F,switch,NA,NA,42.4545,6.72727,8.81818,184.36364,267.27273,301.27273,0
Ant390,58,5,390,160.515,113,86,F,F,same,NA,NA,NA,NA,2.09091,16.4545,8.45455,98.090909,394,819.18182,0.09091
Ant50,58,5,50,164.648,113,0,N,C,switch,F,switch,F,same,182.091,2.72727,22.0909,596,319.54545,137,25
Ant250,58,5,250,182.792,113,0,C,C,same,F,switch,F,same,39,0.545455,9.45455,134,342.36364,170.90909,0
Ant217,58,5,217,159.665,120,97,F,F,same,NA,NA,NA,NA,6.54545,32.6364,2.27273,58.909091,155.27273,743.18182,0
Ant556,58,5,556,166.82,120,22,F,F,same,NA,NA,NA,NA,12.3636,11,1,109,292,558.63636,0
Ant43,58,5,43,175.616,120,0,C,N,switch,F,switch,F,same,61.9091,0,1.09091,258.45455,231.90909,108.63636,3
Ant207,58,5,207,194.987,120,0,C,C,same,F,switch,F,same,156,0,0.454545,348.90909,447.90909,231.63636,0.7273
Ant6,58,5,6,158.354,127,24,F,F,same,F,same,NA,NA,10.3636,9.72727,0.909091,123.63636,259.54545,596.72727,0.1818
Ant202,58,5,202,158.808,134,107,F,F,same,NA,NA,NA,NA,11.6364,15,0.636364,90.727273,145.09091,916.72727,0.3636
Ant82,58,5,82,161.988,134,52,F,F,same,NA,NA,NA,NA,2.63636,15.7273,3.81818,104.45455,233.45455,775.27273,0.1818
Ant437,58,5,437,175,134,0,C,F,switch,F,same,NA,NA,44.7273,0.454545,122,291.90909,359.18182,167.90909,4.727
Ant195,58,5,195,185.043,134,0,C,C,same,F,switch,F,same,108.636,0.727273,6.18182,324.90909,316.18182,189.09091,1.818
Ant99,58,5,99,193,141,2,C,F,switch,F,same,NA,NA,15,4.90909,4.54545,162.36364,358.36364,294,0.09091
Ant135,58,5,135,171.724,148,0,C,C,same,F,switch,F,same,0.545455,2.09091,1.27273,81.454545,398.90909,318,0.2727
Ant147,58,5,147,165.463,155,204,F,NA,NA,NA,NA,NA,NA,18.4545,8.81818,0,174,343.09091,1409.7273,0.7273
Ant57,58,5,57,200.664,155,0,C,F,switch,F,same,F,same,5.63636,0.727273,2,162.27273,408.45455,273.90909,0.7273
Ant159,58,5,159,177.429,158,0,C,C,same,F,switch,F,same,80.1818,0.727273,3.63636,241,200.90909,110.54545,5.455
Ant111,58,5,111,191.604,246,0,C,F,switch,F,same,NA,NA,27.3636,4.27273,1.36364,197.36364,499.45455,416.18182,4.455
Ant112,58,5,112,169.579,267,55,F,F,same,NA,NA,NA,NA,1.81818,35.6364,0.545455,56.454545,141.09091,857.81818,0
Ant245,58,5,245,162.274,316,0,N,N,same,F,switch,C,switch,430.727,0,1.18182,567.27273,272.81818,155.36364,4.182
Ant593,58,5,593,191.416,386,49,F,NA,NA,NA,NA,NA,NA,0,4.72727,0,16.454545,34.545455,1039.2727,0
Ant229,58,5,229,134.172,442,0,C,C,same,F,switch,NA,NA,88,0.727273,2.63636,239.81818,173.72727,126.09091,0.09091
Ant387,58,5,387,151.634,442,0,N,N,same,N,same,N,same,143.455,0.0909091,0.727273,301.54545,130.45455,46.090909,2.909
Ant632,58,5,632,220.055,442,0,C,C,same,F,switch,F,same,45.2727,0,0.727273,199.72727,408.63636,220.45455,0.7273
Ant614,58,5,614,236.84,442,0,F,F,same,F,same,F,same,149.727,84.8182,0.363636,206.90909,286.81818,781.09091,0
Ant91,58,5,91,291.925,1453,0,Q,Q,same,Q,same,Q,same,51.1818,0,0,1112.7273,117,29.090909,0
Ant635,58,5,635,164.502,39155,0,N,N,same,NA,NA,NA,NA,148.636,0,0,645.45455,131.81818,94.363636,16.64
Ant255,78,6,255,138.611,5,1,C,NA,NA,NA,NA,NA,NA,161.545,1.90909,0,285,171.72727,165.54545,0.09091
Ant176,78,6,176,147.801,5,0,N,N,same,NA,NA,NA,NA,351.727,0.545455,0.727273,588.18182,98.454545,38.454545,12.55
Ant356,78,6,356,149.013,5,0,N,N,same,N,same,NA,NA,767.909,0,0.181818,936.72727,91.454545,23.454545,18.09
Ant190,78,6,190,149.482,5,0,N,N,same,N,same,N,same,410.636,0,0,647.09091,138,51.181818,8
Ant311,78,6,311,167.027,5,0,N,N,same,C,switch,F,switch,758.455,0,0.454545,553.27273,226.54545,124.72727,1.727
Ant252,78,6,252,227.37,5,0,N,N,same,NA,NA,NA,NA,846.636,0,0.363636,1130.1818,267.63636,83.727273,11.55
Ant139,78,6,139,134.952,14,0,N,NA,NA,NA,NA,NA,NA,587.455,0.545455,0,1120,370.45455,157.90909,17.27
Ant245,78,6,245,140.688,14,0,N,N,same,NA,NA,NA,NA,470.182,0,0,825.18182,45.181818,17,25.82
Ant127,78,6,127,142.443,14,0,N,C,switch,NA,NA,NA,NA,341.727,0.727273,0,702.81818,270,157.27273,2.545
Ant62,78,6,62,168.505,14,0,N,N,same,N,same,N,same,306.455,0,0.272727,544.54545,90.181818,41.454545,7.091
Ant299,78,6,299,176.182,14,0,N,N,same,N,same,N,same,310.273,0.545455,0.454545,751.27273,111.90909,43.545455,29
Ant174,78,6,174,179.477,14,0,N,N,same,N,same,C,switch,699.364,0,0.363636,1008.6364,117,63.454545,59.55
Ant120,78,6,120,182.483,14,0,N,N,same,N,same,N,same,308.273,0,0.727273,901.72727,89.636364,37.727273,58.82
Ant318,78,6,318,182.8,14,0,N,NA,NA,NA,NA,NA,NA,276.182,0,0,1014.1818,229.45455,82.636364,17.73
Ant242,78,6,242,183.698,14,0,N,N,same,N,same,NA,NA,774.727,1,0.0909091,862.81818,102.27273,31.545455,15.36
Ant638,78,6,638,184.024,14,0,N,N,same,N,same,N,same,117.636,0,0,1000.2727,186.72727,60.454545,14.55
Ant9,78,6,9,187.949,14,0,N,N,same,N,same,N,same,350.273,0,0.181818,933.72727,87.181818,32.636364,24.36
Ant109,78,6,109,193.256,14,0,N,N,same,N,same,N,same,268.091,0,0,890.36364,117.81818,36,24
Ant161,78,6,161,208.096,14,0,N,N,same,N,same,N,same,121,0.636364,0.818182,1056.9091,237.09091,74,37.09
Ant509,78,6,509,262.762,14,0,N,N,same,N,same,N,same,571.727,0,1.36364,1399.5455,393.36364,191.09091,41.36
Ant126,78,6,126,130.115,40,0,N,N,same,C,switch,F,switch,344.545,0,0.181818,616.54545,143.81818,41.454545,5.455
Ant0,78,6,0,139.832,40,0,N,N,same,N,same,N,same,311.182,0,0,383.09091,53.727273,17.909091,11.09
Ant476,78,6,476,144.014,40,0,N,NA,NA,NA,NA,NA,NA,555.909,0,1.90909,630.27273,142.36364,69.090909,7.727
Ant186,78,6,186,169.035,40,66,F,NA,NA,NA,NA,NA,NA,0,0.545455,6.81818,182.72727,349.54545,848.63636,0.1818
Ant929,78,6,929,171.712,40,0,N,N,same,N,same,N,same,247.545,0,0,802.18182,250.18182,101.72727,6.909
Ant261,78,6,261,172.2,40,0,N,N,same,N,same,N,same,279.727,0,0.0909091,895.81818,127.63636,35.545455,29.55
Ant64,78,6,64,174.413,40,0,N,N,same,N,same,N,same,231.273,0.363636,0.181818,724.72727,127,50.818182,11.09
Ant576,78,6,576,194.466,40,0,N,N,same,N,same,N,same,336.091,0,0,739.18182,144.63636,62.909091,19.09
Ant17,78,6,17,201.638,40,45,F,NA,NA,NA,NA,NA,NA,0.272727,12,5.18182,73,163.54545,733.27273,0.1818
Ant66,78,6,66,203.394,40,0,C,F,switch,F,same,F,same,2,0,31.7273,258.45455,288,343.36364,0.1818
Ant80,78,6,80,206.652,40,0,N,N,same,N,same,N,same,410.545,0,0,867.72727,224.72727,119.90909,6.545
Ant137,78,6,137,214.555,40,0,N,N,same,N,same,F,switch,21,0,0.0909091,631.54545,257.18182,177.27273,8.818
Ant604,78,6,604,234.062,40,0,N,N,same,N,same,C,switch,69.5455,0,0.454545,792.27273,346.36364,168.54545,4.091
Ant838,78,6,838,128.6,50,0,N,N,same,N,same,C,switch,499.182,0.181818,2.36364,510.36364,82.454545,29.363636,12.45
Ant51,78,6,51,155.926,50,0,N,N,same,N,same,C,switch,549.909,1,2.45455,1049.0909,102.36364,39.363636,50.64
Ant68,78,6,68,160.702,50,0,N,N,same,N,same,NA,NA,512.636,0.818182,0,817.72727,80.454545,29.181818,18.36
Ant170,78,6,170,170.229,50,0,N,N,same,N,same,N,same,291.273,0.272727,0,1005.6364,237.63636,101.54545,15.82
Ant229,78,6,229,174.256,50,0,N,N,same,N,same,NA,NA,40,0.727273,0,554.72727,259.81818,130.27273,1.727
Ant635,78,6,635,185.602,50,0,N,N,same,N,same,N,same,240.909,0.181818,0,974.36364,155.27273,70.272727,20.73
Ant232,78,6,232,216.342,50,0,N,N,same,N,same,C,switch,116.364,0.0909091,0.181818,784.36364,201,79.818182,25.18
Ant70,78,6,70,143.736,57,0,N,C,switch,F,switch,F,same,326.636,0.0909091,0.272727,639.81818,237.09091,123.36364,29.73
Ant144,78,6,144,151.159,57,0,C,F,switch,F,same,F,same,95.8182,0.636364,2.63636,531,276,135.90909,2.273
Ant54,78,6,54,153.47,57,0,N,N,same,N,same,N,same,246.636,0,1.18182,943.90909,139.45455,53.818182,18.09
Ant20,78,6,20,159.201,57,0,C,F,switch,F,same,F,same,301.364,1.18182,2.09091,539.36364,288.18182,176.27273,10.64
Ant305,78,6,305,161.604,57,0,C,NA,NA,NA,NA,NA,NA,378,3.45455,3.36364,539.63636,192.18182,151.45455,2.909
Ant72,78,6,72,164.149,57,0,N,N,same,NA,NA,NA,NA,70.2727,0.181818,0.363636,662.27273,170.81818,71.181818,10.45
Ant391,78,6,391,176.491,57,1,N,N,same,N,same,NA,NA,727.455,0.454545,0.727273,772.36364,140.36364,65,42.36
Ant250,78,6,250,181.604,57,0,N,N,same,NA,NA,NA,NA,674.273,0,0.272727,895.27273,97.363636,33.181818,27.09
Ant262,78,6,262,181.868,57,0,N,N,same,N,same,N,same,321.091,1.09091,1.27273,692.54545,205.18182,124.72727,6.455
Ant324,78,6,324,140.057,64,0,C,F,switch,NA,NA,NA,NA,95.0909,0,0,255.45455,116.63636,54.090909,0.1818
Ant209,78,6,209,148.385,64,0,N,N,same,N,same,C,switch,496.636,1,5,651.09091,112.45455,47.818182,19.91
Ant334,78,6,334,149.003,64,0,C,F,switch,NA,NA,NA,NA,38.9091,11.1818,23.5455,374.45455,330.36364,242.36364,3.545
Ant156,78,6,156,161.474,64,0,N,N,same,NA,NA,NA,NA,459.455,0.0909091,1.63636,883.81818,145.09091,39.727273,42.82
Ant27,78,6,27,169.499,64,0,N,N,same,N,same,N,same,699.818,0.0909091,0.545455,1009.5455,171.63636,54.272727,30.91
Ant530,78,6,530,170.344,64,0,N,N,same,N,same,N,same,409,0,0.363636,1073.4545,155.18182,69.454545,51.91
Ant227,78,6,227,177.192,64,0,N,C,switch,F,switch,F,same,50.5455,0.272727,2.18182,574.18182,299.81818,144.63636,7.636
Ant507,78,6,507,178.216,64,0,N,N,same,N,same,N,same,377.273,0.363636,2.36364,452,55.272727,24.363636,7.545
Ant102,78,6,102,179.011,64,0,N,N,same,NA,NA,NA,NA,309.364,0,0.0909091,1003.1818,132.81818,33.727273,53.73
Ant19,78,6,19,184.491,64,0,N,N,same,N,same,N,same,147.455,0.454545,0.272727,676.36364,198.09091,91.090909,18.18
Ant212,78,6,212,136.015,71,81,F,F,same,NA,NA,NA,NA,1.36364,98,4.09091,79.454545,161.90909,604.09091,0.09091
Ant140,78,6,140,151.486,71,0,N,N,same,N,same,N,same,454.636,0,0,807,87.181818,26.545455,25.18
Ant98,78,6,98,166.769,71,0,N,N,same,N,same,NA,NA,360.636,0.181818,0,945.54545,108.72727,43.363636,50.91
Ant296,78,6,296,168.964,71,0,C,F,switch,F,same,NA,NA,41.4545,18.0909,2.72727,366.18182,344.54545,354.18182,1.909
Ant268,78,6,268,169.307,71,0,N,N,same,C,switch,F,switch,39,1.27273,0,480.72727,141.54545,101.54545,5.818
Ant313,78,6,313,170.801,71,0,C,F,switch,F,same,C,switch,5.45455,1.90909,4.54545,428.90909,401,259.45455,5.182
Ant620,78,6,620,175.026,71,0,N,N,same,N,same,N,same,390.455,0,1.90909,994.36364,220.81818,85.090909,29.18
Ant458,78,6,458,185.529,71,0,N,N,same,N,same,N,same,416.364,0,1.45455,730.81818,170.90909,79.545455,21.27
Ant207,78,6,207,149.563,78,63,C,F,switch,NA,NA,NA,NA,147.545,26.3636,138.545,349.36364,315.72727,355.36364,3.545
Ant552,78,6,552,158.079,78,2,C,NA,NA,NA,NA,NA,NA,14.1818,14.8182,73.1818,301.45455,376.18182,385.36364,3.364
Ant387,78,6,387,160.465,78,0,N,N,same,C,switch,NA,NA,291.182,0.727273,1.81818,514.27273,230.36364,125.27273,6.545
Ant301,78,6,301,161.245,78,3,C,F,switch,F,same,F,same,31.6364,9.72727,210.909,476.81818,439.90909,434.36364,5.091
Ant14,78,6,14,161.549,78,0,N,C,switch,F,switch,NA,NA,44.4545,1.72727,9.81818,431.54545,196.09091,118.45455,16.09
Ant673,78,6,673,175.14,78,0,N,N,same,N,same,N,same,472.545,0,0,653.90909,173.54545,72,8.182
Ant534,78,6,534,176.309,78,0,N,N,same,N,same,N,same,268.727,0,0.636364,657.45455,116.27273,48.636364,12.82
Ant610,78,6,610,178.645,78,0,C,F,switch,NA,NA,NA,NA,71.4545,0,0,545.81818,310.72727,331.09091,2.364
Ant153,78,6,153,183.216,78,0,N,NA,NA,NA,NA,NA,NA,234.273,0.0909091,0,713.63636,277.72727,137.09091,4.182
Ant289,78,6,289,183.918,78,0,N,N,same,N,same,NA,NA,430.455,0,5.63636,636,230,116.81818,14.36
Ant26,78,6,26,192.315,78,0,N,N,same,N,same,N,same,266.636,1.63636,3.81818,954.72727,169.45455,59.818182,26.09
Ant38,78,6,38,141.209,85,9,F,F,same,NA,NA,NA,NA,5.45455,2,4,149.09091,221.18182,343.27273,1.273
Ant82,78,6,82,148.556,85,0,C,NA,NA,NA,NA,NA,NA,273,21.2727,7,343.81818,205.45455,302.90909,2.727
Ant219,78,6,219,162.29,85,0,N,NA,NA,NA,NA,NA,NA,155.091,0.909091,2.18182,673.45455,313.27273,178.36364,14.64
Ant650,78,6,650,163.918,85,0,C,F,switch,F,same,F,same,44.0909,2.54545,0,499.18182,298.90909,339.81818,2.545
Ant215,78,6,215,166.676,85,0,N,N,same,NA,NA,NA,NA,469.455,0,0,778.18182,135.36364,58.727273,18.45
Ant63,78,6,63,177.792,85,0,C,F,switch,NA,NA,NA,NA,31.6364,6.36364,252.727,336.72727,377.27273,250.45455,3.364
Ant331,78,6,331,141.014,92,39,F,F,same,F,same,NA,NA,4,223.636,28.1818,110.90909,240.63636,556.54545,0
Ant257,78,6,257,141.028,92,32,F,F,same,F,same,NA,NA,1.81818,6.72727,0.272727,79.454545,158.72727,446.54545,0
Ant560,78,6,560,151.222,92,0,F,F,same,NA,NA,NA,NA,1.72727,1.45455,0.636364,166.63636,214.72727,378.81818,0.2727
Ant264,78,6,264,163.808,92,0,N,N,same,N,same,NA,NA,32.5455,0.636364,0.545455,589.54545,263.27273,158.18182,10.55
Ant395,78,6,395,176.082,92,0,N,N,same,N,same,NA,NA,1552.82,0,0.0909091,850.36364,116.18182,39.181818,46.09
Ant124,78,6,124,141.905,99,0,C,F,switch,C,switch,F,switch,15.3636,44.3636,60.8182,574.18182,343.63636,239.45455,9.364
Ant326,78,6,326,158.647,99,57,F,F,same,F,same,NA,NA,0,0.0909091,0.181818,52,105.81818,394.54545,0.09091
Ant592,78,6,592,166.148,99,0,C,F,switch,F,same,F,same,5.63636,1.27273,4,222.36364,256.90909,241.72727,3.727
Ant564,78,6,564,166.412,99,0,N,NA,NA,NA,NA,NA,NA,81,0,0.363636,710.72727,159.36364,56.545455,11.45
Ant115,78,6,115,167.586,99,19,C,NA,NA,NA,NA,NA,NA,26.5455,35.4545,4.63636,251.81818,249.72727,488.72727,1.182
Ant614,78,6,614,181.747,99,14,C,F,switch,F,same,F,same,23.5455,32.8182,131.273,547.45455,443,366.90909,5.182
Ant29,78,6,29,187.003,99,0,C,N,switch,N,same,N,same,8.45455,0.636364,1.54545,611.90909,411,321.27273,1.909
Ant100,78,6,100,188.266,99,0,C,NA,NA,NA,NA,NA,NA,166.727,0,0.272727,543.81818,319.90909,263.18182,6.182
Ant135,78,6,135,145.344,113,10,F,F,same,F,same,F,same,8.45455,6.27273,9.45455,240.63636,349.45455,450.18182,2.091
Ant43,78,6,43,151.605,113,87,F,F,same,NA,NA,NA,NA,1.90909,13.7273,0.636364,107.09091,220.36364,825.54545,0
Ant647,78,6,647,153.942,113,35,F,F,same,F,same,C,switch,0,11.3636,2.18182,97.727273,180.18182,499.18182,0
Ant7,78,6,7,159.762,113,41,F,F,same,F,same,C,switch,0.0909091,5.27273,0.272727,49.181818,106.27273,494.45455,0
Ant158,78,6,158,167.622,113,0,N,N,same,N,same,NA,NA,481.182,0.181818,0,820.81818,110.72727,42.272727,27.09
Ant599,78,6,599,168.656,113,4,F,NA,NA,NA,NA,NA,NA,10.2727,1.72727,0.0909091,267.18182,330.72727,529,0.8182
Ant380,78,6,380,169.009,113,14,C,C,same,C,same,C,same,4.36364,3.90909,0.0909091,21.363636,40.363636,108.54545,0
Ant433,78,6,433,170.883,113,0,C,C,same,C,same,F,switch,105.091,3.45455,12.3636,675.27273,433.54545,319.18182,8.636
Ant91,78,6,91,172.308,113,0,N,N,same,N,same,F,switch,634.727,0.727273,4.90909,1051.4545,267.36364,103.63636,24.64
Ant131,78,6,131,176.695,113,0,N,N,same,N,same,N,same,293.273,3.27273,6.27273,929.45455,234.90909,112.72727,26.55
Ant13,78,6,13,149.486,120,0,N,N,same,N,same,C,switch,410.636,1.54545,0.181818,730.45455,116.27273,54.181818,34.27
Ant740,78,6,740,152.594,120,0,C,F,switch,F,same,C,switch,202.545,0.636364,3.81818,386,304.27273,196.09091,0.6364
Ant113,78,6,113,160.59,120,0,C,F,switch,F,same,F,same,68.7273,3.72727,77.6364,366.63636,329.54545,358.72727,2
Ant308,78,6,308,167.147,120,0,C,F,switch,F,same,F,same,7.45455,1.09091,0,409,302.90909,312.81818,2.455
Ant57,78,6,57,174.734,120,0,N,N,same,N,same,N,same,155.818,0.454545,2.90909,829.81818,182.72727,77.454545,15.91
Ant263,78,6,263,179.889,120,0,N,N,same,N,same,N,same,454.909,0,1.45455,693.45455,169.18182,61.727273,32.18
Ant437,78,6,437,149.164,127,44,F,F,same,NA,NA,NA,NA,4.27273,36,0.363636,127.63636,205.54545,669.18182,0.1818
Ant342,78,6,342,144.062,141,41,F,NA,NA,NA,NA,NA,NA,0,1.54545,0.727273,18,41.181818,335.09091,0
Ant492,78,6,492,165.027,141,49,F,F,same,F,same,F,same,16.2727,117.455,4.45455,157.09091,220.36364,574.81818,0.5455
Ant30,78,6,30,150.586,155,35,F,F,same,F,same,NA,NA,0,77.0909,3.90909,49.090909,106.72727,557.63636,0
Ant23,78,6,23,151.053,155,224,F,F,same,F,same,F,same,2.45455,12.0909,0.181818,186.45455,217.36364,735.18182,0.7273
Ant549,78,6,549,152.502,162,74,F,F,same,NA,NA,NA,NA,10.0909,91.8182,0.909091,152.54545,203.36364,736.45455,0.7273
Ant600,78,6,600,171.082,162,1,C,NA,NA,NA,NA,NA,NA,41.1818,1.72727,54.0909,488.81818,370,215.81818,5
Ant159,78,6,159,175.285,162,1,C,C,same,F,switch,F,same,123.273,0.454545,0.363636,742.63636,394.27273,276.36364,4.909
Ant646,78,6,646,177.291,169,34,F,F,same,NA,NA,NA,NA,4.72727,39.9091,5.45455,119.81818,160.90909,519.54545,1.091
Ant96,78,6,96,178.37,169,0,N,N,same,N,same,NA,NA,480.273,1.09091,1,1092.1818,226.09091,98.272727,51.45
Ant593,78,6,593,183.469,169,0,N,N,same,N,same,C,switch,173.545,0.0909091,5.81818,604.90909,245.72727,95.181818,4.273
Ant52,78,6,52,187.971,169,0,N,N,same,N,same,N,same,384.909,0.727273,0,724,172.27273,72.090909,63
Ant353,78,6,353,166.373,176,0,C,F,switch,F,same,NA,NA,34.6364,0,1.81818,293,271.81818,323.36364,1
Ant2,78,6,2,172.514,176,1,N,C,switch,NA,NA,NA,NA,187.636,0.727273,1.18182,415.45455,210.09091,171.27273,1.636
Ant397,78,6,397,179.805,176,32,F,F,same,F,same,NA,NA,0.181818,9.54545,0.727273,201.36364,270.63636,653.81818,0.1818
Ant97,78,6,97,217.187,176,0,N,N,same,N,same,N,same,45.6364,1.45455,0,789.45455,379.54545,343.54545,11
Ant198,78,6,198,160.112,183,26,F,NA,NA,NA,NA,NA,NA,7.09091,21.4545,3.18182,131.36364,196.18182,520.18182,0
Ant195,78,6,195,164.596,183,0,C,F,switch,F,same,C,switch,3.36364,1.63636,3.18182,373.81818,355.90909,287.27273,0.4545
Ant172,78,6,172,173.416,183,50,F,F,same,NA,NA,NA,NA,71.4545,11.5455,63.9091,231.45455,274.27273,521.81818,3.545
Ant48,78,6,48,173.727,183,86,F,F,same,F,same,NA,NA,50.6364,67.8182,10.7273,331.36364,371.18182,927.72727,4.818
Ant202,78,6,202,174.428,183,62,F,F,same,F,same,NA,NA,10.2727,335,27.5455,166.36364,286.09091,721.45455,0.7273
Ant12,78,6,12,193.331,183,0,N,N,same,N,same,N,same,247.818,0.0909091,0,510.18182,193.18182,121.45455,7.091
Ant175,78,6,175,195.576,183,7,F,F,same,F,same,F,same,2.27273,1.18182,6.90909,202.09091,387.54545,529,1.364
Ant482,78,6,482,196.657,183,0,C,C,same,NA,NA,NA,NA,106.636,15.6364,0.545455,488.63636,218,286.27273,5.364
Ant462,78,6,462,221.02,183,0,C,F,switch,NA,NA,NA,NA,3.27273,9.18182,0,181.63636,110.63636,315.54545,0.2727
Ant6,78,6,6,231.353,183,0,F,F,same,F,same,F,same,0.818182,0.0909091,0.545455,123.72727,200.63636,399.09091,0
Ant260,78,6,260,165.194,190,74,F,F,same,F,same,F,same,0.0909091,15.2727,1.18182,114.45455,189.63636,748.63636,0.09091
Ant60,78,6,60,182.521,190,20,F,F,same,F,same,NA,NA,5.36364,77.7273,11.7273,147.09091,260.45455,602.27273,0
Ant376,78,6,376,207.234,190,0,F,F,same,F,same,F,same,11.9091,8,0.181818,175.09091,241.45455,588.27273,1.182
Ant35,78,6,35,175.923,197,40,F,NA,NA,NA,NA,NA,NA,0,18.1818,0.454545,40.090909,91.545455,620.45455,0
Ant206,78,6,206,241.108,197,0,F,C,switch,N,switch,C,switch,16.8182,5.18182,0.0909091,426.54545,310.72727,403.90909,1.545
Ant149,78,6,149,155.563,204,26,F,F,same,F,same,F,same,11.3636,26,0.727273,182,220.81818,704.09091,0.1818
Ant210,78,6,210,164.514,204,0,N,N,same,N,same,N,same,68.3636,1,1.18182,508.72727,167.09091,108.81818,12.18
Ant607,78,6,607,190.882,204,11,F,F,same,F,same,F,same,0.727273,14.8182,1.09091,80.363636,123.45455,513.45455,0
Ant332,78,6,332,203.384,204,1,F,F,same,F,same,C,switch,14.1818,4.72727,0.545455,312.36364,364.27273,521.09091,3.091
Ant621,78,6,621,207.894,204,0,F,F,same,F,same,F,same,2.90909,10.1818,0.363636,227.72727,291.81818,676.36364,1.636
Ant42,78,6,42,229.212,204,1,F,F,same,F,same,NA,NA,0,2.54545,0.0909091,131.45455,236.90909,641,0
Ant501,78,6,501,165.849,211,4,F,F,same,F,same,NA,NA,0,34.0909,7.45455,20.090909,36.818182,240.45455,0.2727
Ant24,78,6,24,177.37,211,0,C,F,switch,F,same,C,switch,13.3636,0.818182,0.909091,179.45455,228.63636,238.90909,1.545
Ant196,78,6,196,181.648,211,11,F,F,same,F,same,F,same,1,8.09091,0,312.72727,447,831.72727,0.3636
Ant55,78,6,55,200.532,211,24,F,F,same,F,same,F,same,3.72727,42.9091,2.27273,128.27273,176.45455,588.63636,0.8182
Ant540,78,6,540,168.6,246,0,C,NA,NA,NA,NA,NA,NA,114.818,2.18182,2.45455,635.72727,319.45455,292,5.909
Ant1,78,6,1,179.903,246,1,F,F,same,F,same,NA,NA,0,1.36364,0,5.8181818,36.727273,565.27273,0
Ant49,78,6,49,181.739,246,34,F,F,same,F,same,F,same,6.09091,35.6364,1.81818,223.09091,258.27273,720.54545,1.182
Ant169,78,6,169,185.421,246,67,F,F,same,F,same,C,switch,0,40.1818,3.09091,69.909091,121.81818,671.81818,0.2727
Ant237,78,6,237,220.69,246,75,F,NA,NA,NA,NA,NA,NA,1.27273,3.09091,0,51.727273,80.727273,932.27273,0
Ant147,78,6,147,178.138,260,24,F,F,same,F,same,NA,NA,0,1.27273,0,43.090909,80.090909,547.18182,0
Ant118,78,6,118,179.739,260,18,F,F,same,F,same,C,switch,1.36364,14.3636,2.27273,137.54545,220.09091,616,0
Ant74,78,6,74,304.015,1453,0,Q,Q,same,Q,same,Q,same,666,0,0.272727,1713.9091,115.63636,29.545455,0